id,first_name,last_name,email,phone
6f71aea8-b1bb-4228-9169-b085ba5a4b33,Evaleen,Pleager,epleagerrr@bluehost.com,800-665-6364
4b196e1c-10e6-4cdf-a61d-e6e2073188de,Darb,Topp,dtopp1@irs.gov,640-304-2342
b9f58748-c219-495d-bdf2-2f9f3599a185,Gusty,Aikenhead,gaikenhead2@msu.edu,752-314-5940
e496bbf3-3051-4be0-a28c-1bcbab2770b0,Tina,Cranson,tcranson3@paypal.com,208-546-6772
394dbe3d-c482-4f3f-aeed-9cf776e48ff5,Konstantin,Bremmell,kbremmell4@washington.edu,712-760-3616
5088f456-c3a2-4cbc-ac82-84ad0beaf22a,Hyacinth,Alven,halven5@state.tx.us,944-545-3947
77aaed1d-8aa1-446a-81a9-a3217b637f45,Chris,Drage,cdrage6@theguardian.com,524-790-0303
5b8e6a1d-5719-41a6-b366-de4ec4bae054,Brody,Mascall,bmascall7@epa.gov,291-943-9259
44bea75b-9395-48d4-a1ec-31d56ec31714,Gerick,Kiddle,gkiddle8@apache.org,315-262-1034
17fe5e88-e997-4bf6-bb57-becb223bb1de,Claudetta,Vasilyev,cvasilyev9@stumbleupon.com,608-810-5636
0dace162-d916-4fb9-b1e0-04cce9939050,Laurena,Cowmeadow,lcowmeadowb@dion.ne.jp,439-782-0415
576677d7-ca1d-47a3-b571-b73ac85f11b1,Wileen,Heiden,wheiden1@bloglovin.com,569-909-1540
dab76080-2c7e-43d6-8dfb-9dae33e24e20,Bent,Renouf,brenouf9a@hud.gov,286-928-8734
a0bffed8-60dc-4576-80eb-fe6f6c5c053a,Audrey,Jerger,ajergermd@wisc.edu,575-168-8987
36b95915-00a2-46e9-8771-af7081d34111,Joseph,Palacio,josephmpalacio@gmail.com,972-921-1054
a40fa041-700e-4f05-afb4-d1cc3c3c6423,Pavel,Humphery,phumphery0@nationalgeographic.com,244-223-0525
5e1c7358-44fa-402d-9a47-3d2197c40a18,Torrin,Danes,tdanes2@lulu.com,516-884-8538
9b0bf0a3-2995-4a0b-9d87-e03b6a1d8c1f,Maureene,Elsom,melsom3@nytimes.com,827-807-3933
f1ef9d25-8105-4d65-9244-2e044948e77e,Benito,Stoyle,bstoyle4@zdnet.com,187-455-4128
2ac8f044-1e0c-481a-b51f-ad06d863dff1,Gene,Hodgen,ghodgen5@mayoclinic.com,604-226-9993
5448a660-778d-4967-aa0b-d95ea8bc7ea0,Dolli,Dunton,ddunton6@elegantthemes.com,746-148-2726
82aaab74-2a23-4996-8897-5c57917af4bd,Dee dee,Innerstone,dinnerstone7@ezinearticles.com,810-258-4711
02cc0dae-283d-4366-a17c-e605e9013300,Alphonso,Trinke,atrinke8@indiegogo.com,915-147-6699
f7e82786-7569-49b7-ad34-0e647952097f,Adria,Cherrington,acherrington9@mlb.com,101-429-4527
675d8a60-11c5-4e15-a9d1-43a3cdb60971,Shaine,Sertin,ssertina@sourceforge.net,110-457-2269
8c0d436f-200c-4381-9f30-d26ee77e9850,Adolphus,Borgnet,aborgnetb@mlb.com,939-270-0934
eb9bfb81-773f-45a0-aa97-f24453e3a272,Bartholomew,Menlove,bmenlovec@livejournal.com,631-772-4545
41fc9d08-7e35-4ebb-9631-013e1f3fbc5e,Westleigh,Garlette,wgarletted@dot.gov,382-273-1256
6bf031a4-f9c6-4afc-a58b-cb2ecd46f24a,Hayes,Hatherell,hhatherelle@google.cn,290-459-9106
26421b6e-400a-4724-8384-1a0136891585,Crissie,Ficken,cfickenf@amazon.co.jp,213-930-9864
5720f119-f073-47c7-b2cb-8050a2e0f2a6,Murielle,Giottoi,mgiottoig@usnews.com,598-412-9411
2a9d2bd7-b5a2-4cc8-9ba5-5d2d20b749e8,Ancell,Grennan,agrennanh@sciencedaily.com,166-284-2822
484bcb7e-ef18-457b-9b9f-3764f208c180,Shalom,Lantoph,slantophi@friendfeed.com,135-590-8731
136ff382-9430-45e9-9fe3-6077c09bf3f9,Asher,Handy,ahandyj@yandex.ru,433-240-6983
b9586ddd-03a8-4c52-b86b-45b392cb05d2,Pincas,Grimsdith,pgrimsdithk@patch.com,385-172-2765
b4f9862d-ebd8-44a9-83ed-9ca5e70431ca,Daniel,Keiling,dkeilingl@blogspot.com,862-423-2383
44c2808c-0af8-4678-8b72-fdcb41e25a2a,Papagena,Spieck,pspieckm@last.fm,122-194-6469
a9ca33e5-2050-4e5a-b1e6-0791a61f4e08,Melina,Smooth,msmoothn@sphinn.com,399-159-7670
70070092-6b01-4e83-87b7-2fdb5227011e,Ailis,Augustine,aaugustineo@java.com,632-873-0236
3266c3e9-d4ef-43da-9080-f3ed9188e3cb,Clayborne,Wasbrough,cwasbroughp@weibo.com,895-864-0808
36ec6478-38ce-4f89-9325-82f32460c50b,Barnaby,Thackeray,bthackerayq@blogger.com,336-960-4916
e54acc6e-d933-4795-bc41-5e473f483ab2,Tawnya,Clay,tclayr@microsoft.com,905-706-1785
997c4b89-d74a-4883-b095-dd761a0e8b65,Babita,Coalburn,bcoalburns@spiegel.de,202-720-0697
ff2b8899-05a6-4d3a-ab04-2fd8a272f78a,Ralph,Risbie,rrisbiet@parallels.com,481-438-8231
01d0e30b-7996-4519-9ba1-e7ad933483d3,Merissa,Helwig,mhelwigu@tuttocitta.it,164-872-8984
51707a24-afc4-4532-a9c5-684892bb83f5,Bart,Janzen,bjanzenv@webmd.com,713-947-4370
61bf67f8-96eb-4984-afc4-edb0e89bdcbb,Valaria,Eddie,veddiew@webeden.co.uk,383-618-5449
8f0af85a-0f5d-4358-a41b-2e87a6de2fb1,Colene,Sandcroft,csandcroftx@google.ru,846-884-4658
5a87c658-293c-4397-a97a-d2e640415147,Isobel,Donnelly,idonnellyy@posterous.com,343-103-7193
701f2ece-3855-43b1-b853-43cb744d153e,Lilly,Poynor,lpoynorz@bravesites.com,295-101-3662
ba31b75e-3686-4da6-9519-6adf986abc79,Blanca,Valero,bvalero10@quantcast.com,978-841-0738
54824a35-4d51-453d-9fe1-3cc3b0e27198,Delphinia,Iwanowski,diwanowski11@answers.com,437-303-9564
0a546b24-8b4c-4a8f-a3f2-896bec20c18a,Ashla,Salvatore,asalvatore12@jiathis.com,747-542-5305
bcb3801c-9355-447a-8663-c49fcc296849,Duffy,Medcalfe,dmedcalfe13@last.fm,736-719-6162
4617cabe-97e2-4aad-862d-c79f5012c85d,Del,Nestle,dnestle14@pbs.org,676-123-9969
6576fe42-2fb7-451d-9080-ddac6453514b,Lexine,Berthel,lberthel15@netlog.com,393-586-5635
65fea8a4-9223-4726-bba0-6fad3d4160f8,Rory,D'Abbot-Doyle,rdabbotdoyle16@rediff.com,707-425-1386
1d46c2a5-dd4a-4214-9103-dbccaa054151,Sada,Mellmoth,smellmoth17@bbc.co.uk,896-586-4214
ef0cfad6-f3f9-4ab5-8000-e9fa59044f2b,Marnie,Osbidston,mosbidston18@engadget.com,558-603-4392
fe6bb97b-cd08-4a10-8e73-866f83f50351,Leontine,Derycot,lderycot19@imgur.com,419-926-3791
a94b6ce5-203e-4f09-a21f-e874aee3e919,Jobye,Cantu,jcantu1a@nyu.edu,634-105-6560
f29e6db8-f362-462e-a112-945ecd9454a0,Mathias,Rodgier,mrodgier1b@msn.com,508-117-2265
164cc431-1aeb-40de-b16e-30b101813591,Brit,Cudbird,bcudbird1c@narod.ru,855-402-7318
001230a3-c191-40bc-867c-86c5e4a7c462,Shirline,Osichev,sosichev1d@ft.com,941-551-7245
682027a3-2c08-4fa4-8ad2-321d7443cb0b,Lianna,Brumbie,lbrumbie1e@unicef.org,698-886-3400
e2ef97f2-2f7a-43e5-9145-66e9dade6745,Ariel,Swadon,aswadon1f@nyu.edu,387-621-3894
1bde06e0-584b-4695-b0b9-0dbbd1ec330e,Wileen,Nann,wnann1g@imgur.com,721-780-2066
031b74fd-8790-4be9-802a-b55d3cf4ff7f,Sonny,Roch,sroch1h@yellowpages.com,128-569-4955
bb2df003-218c-433e-9295-57f7526d500f,Stefa,Duhig,sduhig1i@yolasite.com,816-694-1746
c4087925-fad8-40b8-be87-914f08480572,Somerset,Dolphin,sdolphin1j@wikia.com,240-497-2905
e415d8fb-db97-4613-b7d2-e548368d6089,Blakelee,Le Lievre,blelievre1k@cpanel.net,228-942-6669
b8db2cae-a8f2-48ab-b7a8-8ceab1adb19f,Francois,Owbridge,fowbridge1l@dedecms.com,930-312-2544
e1ac2542-94ff-417b-ba76-9e3123b28034,Fanchon,Caris,fcaris1m@globo.com,905-808-9942
d866de14-fff3-4a23-88a6-17f29b10fca3,Zelig,Origan,zorigan1n@joomla.org,831-368-9431
0e310b2f-11b8-4c97-9854-b7c946dc1754,Pammie,Berntsson,pberntsson1o@prlog.org,161-382-0743
cc4c4da3-18e9-4342-b9f0-40ec822b9bc2,Welby,Freak,wfreak1p@tamu.edu,967-407-9929
2641e34c-9bd7-46a5-8d0d-c861a830336d,Tiffani,Trevaskis,ttrevaskis1q@examiner.com,686-148-1017
524560ea-3f0b-4bbe-9e23-7a92712e6f06,Trish,Slamaker,tslamaker1r@tinyurl.com,585-139-2664
a6e13ce6-2fea-4237-868f-f59330ff6289,Marlene,Haycroft,mhaycroft1s@networksolutions.com,463-565-3747
e6c919c1-9975-48f4-b386-752dfb76663d,Anselm,Bickerstaff,abickerstaff1t@icq.com,461-685-4794
a3ce73b5-f07a-4ccf-a6a1-cf7fe5db2216,Olin,Pett,opett1u@blogtalkradio.com,728-997-0505
fb1b8c22-fa29-454a-b5e5-95c389007ba1,Ursola,Menat,umenat1v@nasa.gov,153-439-6879
23b91c49-5669-44e7-b888-2c99e349f3b1,Demetri,Mutimer,dmutimer1w@zdnet.com,634-819-5968
37dc9bee-345f-484b-bfb8-6cbe260da5c8,Fannie,Glassborow,fglassborow1x@psu.edu,615-511-0896
aab96eb0-76bc-4cc5-bf79-9d49f9ffba89,Jordan,Shalcras,jshalcras1y@mozilla.org,846-306-4845
4903e4a7-1fb0-4e28-bcb4-ab8d30676e13,Donalt,MacHarg,dmacharg1z@ucsd.edu,912-834-7648
04fb8ae9-cf3c-4654-ad6b-ca145169098d,Lucille,Gladbeck,lgladbeck20@illinois.edu,817-344-9115
975bfc1d-99a4-4f39-aef2-790baf1f19c2,Adriano,Northern,anorthern21@weibo.com,534-810-1255
24cb9cd7-4312-4f3e-806c-5053e278d86c,Marcela,Carreyette,mcarreyette22@fc2.com,257-954-9088
cbad3e31-723a-44ef-bf12-b23e4f97488b,Nanete,Ives,nives23@mapquest.com,871-552-7269
f054ed25-8344-478f-951e-21fbddf78f2b,Ariel,Tredgold,atredgold24@usa.gov,122-771-9966
06d1bf09-e682-45c0-ba0d-6823abd27b3f,Ethyl,Fortesquieu,efortesquieu25@hhs.gov,357-539-1280
06a1b452-c215-425c-a6b8-9dddc29f729a,Kingsley,Connop,kconnop26@desdev.cn,202-474-0583
99b7b473-ebf3-44b5-aba9-30fdeeb9159e,Pennie,Iashvili,piashvili27@icio.us,926-464-3478
4165c169-fedd-473a-ad62-4f7fc6fc6285,Helen-elizabeth,Blaine,hblaine28@rakuten.co.jp,196-582-8376
b6cec6d7-ab19-4558-a646-ae040e13d674,Thacher,Sperling,tsperling29@ow.ly,514-991-6100
455c7c93-c5e5-4660-b014-82dea160e129,Romola,Ockenden,rockenden2a@soup.io,623-462-2282
401ba9bf-6957-4bbe-b771-6e13a35693d8,Hildegarde,Byfield,hbyfield2b@goo.ne.jp,777-342-1752
7c0fe185-f9c8-410f-aaad-7229871a96b2,Harriott,Bish,hbish2c@nbcnews.com,378-950-1314
171ce6cf-1523-4280-9a6d-528d61eb8945,Elvyn,Normanton,enormanton2d@wiley.com,238-693-4483
85674c7e-f955-4614-a21f-aa861a1da896,Clea,Prawle,cprawle2e@networksolutions.com,150-824-9514
ecc9ada5-44c3-487c-b67c-bb135351ca17,Kim,Summers,ksummers2f@sfgate.com,708-164-0087
758b3c0f-c06e-4a66-b94c-dc51c9f107b1,Shell,Meanwell,smeanwell2g@fema.gov,376-214-2782
6d1b3f58-1709-458a-b4d3-ae41e41c0427,Elliott,Jodrelle,ejodrelle2h@npr.org,590-585-9353
6bc94e96-ef45-4573-8097-343e563feb52,Everett,Royle,eroyle2i@mlb.com,560-927-4377
2cbe5f7c-f08e-496c-9b7f-055480472268,Gladi,Riddiford,griddiford2j@alibaba.com,409-321-8461
6c253319-8b77-40ac-b023-7b2434cf6a39,Harvey,Le Hucquet,hlehucquet2k@istockphoto.com,436-807-4180
d0184f56-0fd0-46f3-94ac-33427c1c4d57,Carlyle,Gouly,cgouly2l@barnesandnoble.com,915-527-3050
5b650abd-2b89-4e6b-8f99-de4a130ba148,Reeta,Freeborne,rfreeborne2m@indiatimes.com,739-380-8286
82016c96-5dfd-4a59-8b89-769a59a35408,Tiffi,Dumingos,tdumingos2n@oakley.com,863-635-3008
cb973501-2975-4faa-85f3-4fbe141236ba,Elsinore,Causey,ecausey2o@reverbnation.com,156-916-7045
41e04c91-a5d7-4bb5-b477-2a23373def55,Eddy,Dorracott,edorracott2p@umn.edu,526-984-4660
de5ea58a-dbeb-4e9f-8f8f-03270eede866,Lindi,Hew,lhew2q@miibeian.gov.cn,605-714-7892
a75102b6-2d14-4136-a166-27102c828696,Irving,Denty,identy2r@w3.org,821-935-7277
862ba968-0f2e-4812-84e5-7528a6e1eb90,Teddy,Bracchi,tbracchi2s@list-manage.com,520-208-8493
80b71ef0-a486-4c7a-a28b-8c11eb157841,Charlton,Clulee,cclulee2t@mlb.com,838-433-4636
4aae73d9-d191-469b-9b54-2389e6cf2447,Vernor,MacFaul,vmacfaul2u@flickr.com,816-691-1879
e216a83e-6e4e-44a4-8670-314060c13f54,Roobbie,Dockree,rdockree2v@reverbnation.com,616-767-7919
e9c787eb-2291-45c1-8615-b232c9a3ea26,Earl,Stout,estout2w@icq.com,153-576-9903
3c0737e9-7e5a-460a-a5bb-5d4cbeb7d474,Dorrie,Mutimer,dmutimer2x@usnews.com,103-561-6027
26283833-f61a-4da2-8c66-0a214622f25b,Barbabas,Braam,bbraam2y@google.com,495-672-5735
be29d0b7-7915-4ebc-8c43-b0f48765d5ae,Rosene,Dutnall,rdutnall2z@google.pl,585-956-9487
f1ffd422-eca9-4a55-a6e1-fc19f8853945,Evelin,Schankel,eschankel30@comsenz.com,604-219-8757
12e45d7a-f9c2-4bb3-8ee0-9adfc89b99d6,Shanan,Lenoir,slenoir31@businessinsider.com,565-640-3193
1d0e371e-6f31-44b8-9ef6-f272fd8a1ac4,Britteny,Alders,balders32@about.com,230-962-9285
ebbc0cb5-f731-4a27-9a02-95e4e736f093,Maurits,Sprowle,msprowle33@geocities.jp,359-877-6797
b4ecd093-4ca3-4ed6-9cba-d819263d3f5d,Michal,Omar,momar34@geocities.com,483-382-8384
e890051c-3083-42e5-ab94-3b69da704738,Willi,Corhard,wcorhard35@prlog.org,311-162-3429
35db5996-f68c-4787-9725-7454103c3cfd,Timothea,Petrulis,tpetrulis36@xinhuanet.com,148-497-2053
eded6fc7-6865-4c94-97be-2ceca16faa0d,Willamina,Cary,wcary37@google.ca,549-804-5715
4b42208d-f88c-472e-8fdd-fb4d8b97a4c7,Valida,Trippick,vtrippick38@biglobe.ne.jp,301-948-3752
d3ada1cf-b678-48f1-b7c3-b31c33d52e28,Bernadine,Dublin,bdublin39@comsenz.com,226-392-1420
0f27a849-3ee2-4562-bd5c-346922652fa2,Nonna,Cod,ncod3a@twitter.com,463-792-2607
dbc43cc3-34ea-4236-8cb8-8129fab348ab,Karrie,Iacofo,kiacofo3b@arstechnica.com,364-119-8538
9fe4ef8a-08cd-49d8-ae23-1fa9988b33ea,Yard,Skillings,yskillings3c@theglobeandmail.com,519-264-8607
3dd349bd-ce07-4394-9c78-d85a42f4b54b,Willie,Barts,wbarts3d@wsj.com,261-166-3189
e2388d4b-048b-4f19-83a5-f2981f2b7d9c,Janella,Pettus,jpettus3e@howstuffworks.com,677-243-1076
d4a31fe8-02e9-442b-b430-ca08b27b728b,Ray,Randalston,rrandalston3f@posterous.com,657-707-7832
bdc9407c-fac8-4391-b536-d5a0c94b3786,Kath,Beaton,kbeaton3g@yandex.ru,251-242-8562
835c7a46-3764-4fc9-96d7-f5ad98b845be,Jesse,Waghorn,jwaghorn3h@umich.edu,333-128-3076
aa32cd46-152a-4aed-aa40-25f2d40e60b1,Mohandas,Guirau,mguirau3i@state.gov,778-261-4700
6033493e-db15-4955-afe8-43f16be77f21,Elle,Penman,epenman3j@fema.gov,961-582-5326
5315c42e-32c4-435f-84d7-6c19eb7e6b11,Packston,Whittock,pwhittock3k@washington.edu,408-814-6326
bd73f858-c667-4e1a-a419-9fcd1e8386ec,Fields,Barbier,fbarbier3l@seattletimes.com,674-849-8523
e58bca71-6da4-4f6c-8863-8b37187c8c29,Sharity,Aingel,saingel3m@rediff.com,193-981-7708
dd245027-8bd7-4bf0-94ce-a2f3301a800a,Niko,Yokelman,nyokelman3n@ow.ly,810-196-3298
f927ff68-c64c-46a5-9a94-874505465003,Terrence,Badini,tbadini3o@techcrunch.com,994-402-8168
84e05bad-cf46-4919-b2ca-a2798a48adc8,Elwin,Klaessen,eklaessen3p@berkeley.edu,811-403-5550
5a90a1d4-e7e6-4e01-98b0-52c60fcc94cd,Lewiss,Alldred,lalldred3q@twitter.com,911-444-1051
85f938bd-efb3-4a06-8f00-f27608588c61,Winnah,Bouch,wbouch3r@wordpress.org,347-804-3832
113670a2-dd21-439c-b4f8-07bc2d0aaebd,Theresita,Spadeck,tspadeck3s@zdnet.com,224-489-1250
79afb590-dc78-414b-82d7-828773a67951,Enrichetta,Gorrie,egorrie3t@hexun.com,938-582-1543
c0072916-1354-48cf-9562-38fa77ac9ce8,Guthrie,Moan,gmoan3u@sakura.ne.jp,271-790-3262
f85a46a7-904d-4d3e-845d-22219dec6e5a,Joell,Rennison,jrennison3v@multiply.com,398-284-7101
6a160575-fe95-494c-900c-e92494103290,Maximilien,Shyres,mshyres3w@ihg.com,246-668-1332
d5e4b339-6c84-4075-8093-c6658d487499,Pryce,Lutas,plutas3x@psu.edu,203-674-4231
ef17746e-b316-4c92-b833-3309466d880d,Clayborn,Keenan,ckeenan3y@mayoclinic.com,837-834-8057
ed4ee6d1-5da1-483d-86dd-35d371d9d3cd,Adam,Oller,aoller3z@vinaora.com,940-787-0266
091849d1-6f52-4e9b-8e4e-f924d2dc8d8e,Tull,Bagworth,tbagworth40@hc360.com,436-902-9631
3aee7660-879b-429b-93c6-6d616a2da35f,Katrine,Jeffels,kjeffels41@economist.com,140-721-2436
377efe12-c57d-4cca-b544-f121478ec9e6,Fae,Skelhorn,fskelhorn42@theatlantic.com,394-336-9086
8141760a-99c2-402c-b98f-43bbddf10d46,Dani,Bagnall,dbagnall43@wordpress.com,896-784-6734
fd657d0d-d5f4-4e6a-9871-ab2ac827e620,Martino,Sickling,msickling44@wordpress.org,108-856-2244
9f5b88e1-5a02-42c5-ae69-f6673e567622,Leanora,Wedgbrow,lwedgbrow45@newsvine.com,245-462-6147
0364078e-a4a2-45ed-b9ff-ca080aae10b2,Hogan,Ende,hende46@hostgator.com,775-608-2994
7946d7fa-8060-4347-a41a-62c623066515,Winston,D'Errico,wderrico47@jalbum.net,744-806-8930
fafc04c8-ff0a-4087-8361-f55449a1c636,Issi,Northing,inorthing48@mozilla.com,775-803-0779
3052c50d-004c-4e4a-907d-e572340132ff,Mureil,Aspin,maspin49@com.com,658-188-1029
3bbfbb0e-ca67-4b4d-bb01-e980ce088f93,Debi,Scourge,dscourge4a@dailymail.co.uk,181-565-6338
2aef010f-e8fc-42ac-b4fb-549e4e6c16fa,Celestia,Linnett,clinnett4b@unc.edu,124-573-6518
989887e0-a8e6-4ce5-bf2a-d5c8c3d31151,Clark,Tansey,ctansey4c@miitbeian.gov.cn,530-505-9810
32d12045-68b9-4f8f-a344-0925399654a0,Mahala,Dover,mdover4d@posterous.com,186-455-5509
e6bdda35-2624-48df-af0c-69f2b52764fd,Cleavland,Bugbee,cbugbee4e@un.org,521-653-2936
6245a705-f4e1-403b-8fc0-78e86e2002c5,Franklin,Ketchen,fketchen4f@yellowbook.com,214-200-8253
96f8aadb-0dc4-4cdc-8b41-de908c6edbc1,Dolf,Awton,dawton4g@friendfeed.com,752-725-5402
fe879fef-d189-4b35-97eb-ab1a2b41f779,Rivy,Icom,ricom4h@mlb.com,794-945-7130
0b9161f4-6ebc-4206-9c71-23d627bd6997,Mitchell,Storrs,mstorrs4i@bizjournals.com,442-498-7916
fd0462e2-7c18-4b5d-9c14-af74271a6961,Jobie,Ledamun,jledamun4j@myspace.com,814-339-2376
c0f4d957-389a-4ffb-87ae-6025de936289,Ashleigh,Egle of Germany,aegleofgermany4k@state.tx.us,102-134-4145
889ab88f-1b96-4f64-bc61-c99b08afa226,Alexandre,Cartmer,acartmer4l@biglobe.ne.jp,944-820-1553
e5071ea5-ec23-4b27-bece-1c2691fd5f9f,Efrem,Pfeffle,epfeffle4m@shutterfly.com,986-904-0496
24f222bf-893b-447d-b458-0f18502b4251,Filide,Alekseev,falekseev4n@sakura.ne.jp,670-435-4606
8d38507e-ac9f-4cb2-94bc-b4f296175ecc,Valeda,Sexton,vsexton4o@blogspot.com,986-987-1278
840195c9-d3ba-4b75-8818-a2f67be0eea9,Lanae,Mawson,lmawson4p@blogger.com,469-188-4431
ac586fb8-c938-4640-8d16-b9c2264d0908,Annabal,Seivertsen,aseivertsen4q@1und1.de,821-579-7261
e2ee866d-b4ae-4785-8ef0-d999dc04878c,Charlena,Eynald,ceynald4r@home.pl,836-782-8427
b7376888-5438-4bcc-83b6-b6cbc1505634,Siffre,Comberbeach,scomberbeach4s@china.com.cn,250-703-9704
6c32c86c-5f89-4edd-ac6a-6d627e7d510d,Marietta,Laming,mlaming4t@disqus.com,346-841-3346
dfa02951-1780-40ac-9b4d-8dad0241c92d,Haley,Floyd,hfloyd4u@i2i.jp,854-795-6760
3049922f-2199-4b01-ba10-cfc8593d514e,Padgett,Wilkinson,pwilkinson4v@cocolog-nifty.com,518-577-5463
a901dd79-33ad-48d7-8692-ef4372ac19e4,Salomone,Hamley,shamley4w@un.org,330-238-4953
48fd931b-72a9-4c87-aaa5-84b41095204e,Jewelle,Beall,jbeall4x@jimdo.com,116-336-4456
7e7e4d19-2163-41d5-85df-a164345216cc,Ardine,Haversham,ahaversham4y@rakuten.co.jp,668-436-7009
1dfd9690-7ef3-4c09-94d0-854a0f4f3551,Ana,Boorman,aboorman4z@infoseek.co.jp,986-280-1080
073af5a4-5b57-4d9e-8b10-710534ed7244,Pooh,Blueman,pblueman50@blogtalkradio.com,898-569-7397
6dcc47ac-0b7a-4643-8a22-3ca00371be67,Dal,Harbidge,dharbidge51@mit.edu,250-266-5845
4975d08e-b33b-47a2-b4d7-5880dc1fe673,Gracia,Fowler,gfowler52@microsoft.com,147-127-1516
1d672bd5-b31c-4aac-85bf-9199fb55a4b0,Cull,Renehan,crenehan53@yelp.com,942-416-0530
be67146c-9d9d-4496-a10e-18fd4e4a8976,Nels,Thome,nthome54@pagesperso-orange.fr,700-246-9961
186ca219-383a-41c5-9eae-06ff9f69f422,Lynnett,Geraldo,lgeraldo55@mozilla.com,658-177-8855
182bf127-c72d-4391-b7d5-0a6224f90077,Darsie,Presidey,dpresidey56@dmoz.org,286-617-2042
99524246-de8e-4ea7-8340-99ba4d953fc3,Erastus,Vermer,evermer57@miitbeian.gov.cn,202-459-3815
c9e2f8e8-77c2-4405-a5c0-2b43ad42b55f,Taddeusz,Mosby,tmosby58@goodreads.com,484-162-8379
1cc046dc-5c53-451a-972c-9fe92002d6fd,Elbertina,Rabier,erabier59@shareasale.com,181-551-9456
019abe62-e7d3-4309-ab28-d39f5b09e85f,Cherry,McGeneay,cmcgeneay5a@goo.ne.jp,840-596-5956
ac922905-e59d-44c7-9310-da27da641164,Levey,Tarburn,ltarburn5b@princeton.edu,971-325-3202
10e891d2-44d7-4b5d-87b3-fc5934178914,Sheffie,Humfrey,shumfrey5c@nationalgeographic.com,485-768-7348
1566b326-8a4d-4611-a73d-b0fd45a7df03,Borg,Gillan,bgillan5d@boston.com,457-299-9658
1c866194-e076-4ada-ac90-a52db66a0827,Horatia,McJarrow,hmcjarrow5e@mediafire.com,733-143-7402
71c20727-0449-4882-abac-277c66973499,Claudine,O' Cloney,cocloney5f@blogtalkradio.com,213-654-9171
aefa8a15-00f2-4166-a171-7955895a6320,Porty,Butner,pbutner5g@parallels.com,853-648-0561
8a16e8f4-ed1f-40b7-b39f-86c76339aba5,Marline,Morrice,mmorrice5h@multiply.com,617-862-1042
18891db6-16f6-4e23-bcd6-019ad85f9e06,Byrom,Croney,bcroney5i@elegantthemes.com,254-463-6196
e5e6b2d4-3a1a-4d6b-a76a-c680b936bbdd,Michelina,Service,mservice5j@odnoklassniki.ru,666-528-7132
5e6f1109-9829-409d-be20-b5cfa1329f70,Min,Brazel,mbrazel5k@google.fr,817-304-8063
97d684af-14f8-4d50-8146-b2a32185bb46,Artie,Fitch,afitch5l@nasa.gov,337-784-9923
f003e176-e450-4384-b4e0-87d32979a4d3,Kiley,Whickman,kwhickman5m@tripadvisor.com,813-403-1775
8959833c-a273-4815-ac53-96eba691adc9,Charla,Wandrach,cwandrach5n@deliciousdays.com,485-314-2544
c17d8b64-b09d-4f96-b19b-47ea793f8f24,Tova,Broadberrie,tbroadberrie5o@deliciousdays.com,967-720-3269
10607640-1817-4c85-a304-6454d108b836,Rae,Dyhouse,rdyhouse5p@gravatar.com,378-850-5639
1cccf40c-2836-40bb-9a85-61813fce1e76,Ellissa,Gasken,egasken5q@networksolutions.com,981-572-9378
af76fb80-06f4-4719-adc4-f11d4d799be4,Brandtr,Sommer,bsommer5r@mail.ru,213-861-8556
c26a8c56-528f-47b8-ad1b-77a954030e64,Eryn,Cuthbertson,ecuthbertson5s@purevolume.com,740-166-1127
71ebc69d-c69e-4d01-9b0a-e1f92833b43c,Zared,Cuniffe,zcuniffe5t@ucla.edu,144-658-3477
1648d75a-13b7-4df1-8ead-46e861383376,Dulcinea,Baggallay,dbaggallay5u@arizona.edu,977-472-4084
fb6f4671-0468-4f3e-93f2-3fd2816dbf23,Benedikt,Illsley,billsley5v@edublogs.org,161-454-6000
f5116072-4a53-4388-8788-64d266e2958d,Gran,Jahnig,gjahnig5w@home.pl,948-241-1494
bfa7224e-bea6-4114-ad05-cd439e247ce7,Kaila,Leiden,kleiden5x@hatena.ne.jp,825-166-9392
9d1ffdd5-f6a0-4f04-b5ad-07b6ae4ee749,Leigh,Grubb,lgrubb5y@cbc.ca,155-934-6049
fcc4028c-6034-4036-a787-aa8393df45d5,Inga,Janaud,ijanaud5z@chron.com,713-475-7789
ce1718e2-fb7e-446a-bb74-f9a7ae3beb19,Ursuline,Marlon,umarlon60@ftc.gov,291-325-8619
801c75cb-017b-4ea2-b779-404c9cda82be,Raimondo,Slym,rslym61@sakura.ne.jp,940-258-8707
d6c06dc7-74b0-45f6-8292-efdd90b4098e,Myra,Vinck,mvinck62@vimeo.com,963-408-9701
511b7a82-16ea-4e14-9ce2-600706b258e1,Norina,Millier,nmillier63@ebay.co.uk,566-818-0193
ed22d6de-b134-4957-b7e7-0f339bedcb77,Alex,Aldritt,aaldritt64@histats.com,854-104-0260
a4695a3b-bc84-4095-b5ce-a25926aa34f9,Fielding,Munns,fmunns65@usnews.com,843-334-3331
fe867efb-8b3d-40dc-b3ec-0acfe12030c7,Ede,Lanphier,elanphier66@hp.com,713-763-0954
4d7ee1c7-997d-4723-bdad-4026c11a9932,Corissa,Lowdham,clowdham67@about.com,848-336-6558
c7c62974-84f6-407f-9b7a-3aa90e42e5a6,Stesha,Baldcock,sbaldcock68@usgs.gov,928-964-7833
f1e0f20b-431a-42c5-8321-afb0a4ee6a1e,Karla,McTavy,kmctavy69@livejournal.com,334-982-7352
069780a0-ae34-4a4a-8f8b-d42a6699d151,Theressa,Ferraraccio,tferraraccio6a@disqus.com,486-281-2017
a05d7a91-0e95-4a58-b050-731c5dc6d797,Harp,Davidovici,hdavidovici6b@tmall.com,535-479-5894
3597da42-9891-4355-a88e-f7ffefb479e5,Dene,Brinkman,dbrinkman6c@telegraph.co.uk,841-429-9542
35fa9fec-47c5-4778-91db-5bb6981cd8c4,Ileane,Dallman,idallman6d@i2i.jp,932-308-8247
2713109e-d0d0-496a-a507-e06c31054701,Ahmed,Fideler,afideler6e@nhs.uk,588-543-4446
66fa101a-3823-4030-8bd3-8fcbb4e379c2,Ignace,Dowthwaite,idowthwaite6f@cargocollective.com,306-597-1408
5089fa15-5d47-4981-afa9-4c9f0b08236d,Susy,Lismore,slismore6g@sciencedaily.com,558-414-8478
e3700ac6-0d88-418e-8491-176c7bb3547e,Mildred,Swift,mswift6h@shinystat.com,451-963-5163
d4698c10-330b-419a-a648-c5d34f44ffd1,Donal,Bass,dbass6i@example.com,912-497-2280
de31c437-96e6-4a12-9b82-b38f5ec5e048,Alfred,Fibben,afibben6j@wikia.com,981-265-7221
ca122085-6364-49b9-bebd-84900e316408,Derwin,Rissom,drissom6k@msn.com,270-914-4953
18735ad4-9f23-4143-bdc3-e41c6f34965b,Casandra,McKinney,cmckinney6l@state.gov,418-899-5291
217308f1-f907-4f51-baad-55bf2cf46c9c,Elinor,Conen,econen6m@histats.com,347-877-9244
84769c1b-85f8-4616-bf35-6d517d666427,Colene,Taggart,ctaggart6n@themeforest.net,230-269-1359
1cd497c6-0643-4b40-a0e3-69fc27342ae8,Ginelle,Classen,gclassen6o@odnoklassniki.ru,192-331-0294
e079cd91-ac11-486c-9481-534cb5206bf7,Adham,Di Iorio,adiiorio6p@cloudflare.com,143-139-7511
222ba43c-cc0b-4fff-8113-875a3b3ae60f,Lesya,Tullis,ltullis6q@opera.com,281-580-8379
9a96214e-cb45-4030-8485-4d19d1184051,Orsa,Sollon,osollon6r@cbslocal.com,543-922-2447
31e77418-75e8-439a-bd2d-b78dd75704bb,Clovis,Noell,cnoell6s@opera.com,646-250-4292
ad10478a-2b32-48f8-bafd-07c358d1a4cc,Derby,Mingaud,dmingaud6t@bbb.org,846-899-3361
b0714fe2-7ff6-4209-83fa-d04db6dc38d3,Bran,Assiratti,bassiratti6u@ezinearticles.com,757-675-3223
a63cf28b-b152-40a7-ac87-fa356e535005,Claybourne,Mayne,cmayne6v@opera.com,471-117-4301
e22eec53-8eea-45bf-9f5b-e7f472e6ff7e,Christoffer,Zmitruk,czmitruk6w@wunderground.com,807-699-2341
ad0916b9-bd52-40c5-8bb7-05145cb567f5,Camellia,Milsom,cmilsom6x@tmall.com,782-993-4758
ed04c30a-b959-4f7b-b420-4fed438a7426,Gwendolen,Powley,gpowley6y@w3.org,536-400-7988
ba773de6-f3a6-485f-87e0-88aad778038a,Belia,Hoggan,bhoggan6z@imageshack.us,577-211-8146
2963ed72-7599-489a-8879-77d67c2e203c,Idalia,MacFadin,imacfadin70@comsenz.com,354-191-3823
196c39fb-b62a-4882-b1a9-28c57d4a9840,Elwira,Bettridge,ebettridge71@prnewswire.com,904-436-2016
d218274e-16c0-4fee-b7ca-a896b62d1950,Nestor,Knotte,nknotte72@statcounter.com,499-427-8586
235eaadf-d30c-41b6-b5d8-2b635a3be5db,Dan,Kernock,dkernock73@disqus.com,611-362-8664
25cf35ea-bd7e-4a9b-91ad-6b444b43755f,Kellia,Kay,kkay74@independent.co.uk,609-354-2288
405d330f-4afc-4578-be08-9732b6c40def,Willy,Culbert,wculbert75@fastcompany.com,622-361-2443
74949561-da77-43b4-89da-f6bdfed4eb46,Andree,Olek,aolek76@amazonaws.com,369-692-4993
2d2fe9da-2937-4aa5-82f5-54079d70320e,Ryley,Scoggans,rscoggans77@123-reg.co.uk,783-286-7566
d895e98d-e7aa-4477-8ca2-4adbd94d1205,Daniella,Cordie,dcordie78@ebay.com,167-441-6428
5bec44ec-dafa-447b-a462-0892f472bf9b,Brenna,Guinan,bguinan79@sciencedaily.com,108-292-2612
74582794-5045-4af5-bc6d-5b035f1d6abe,Koral,Couche,kcouche7a@ft.com,768-523-3106
2320317f-5359-4a7b-b6c1-b0971b3dc985,Dee,Nunes Nabarro,dnunesnabarro7b@ocn.ne.jp,364-330-5623
4eb27cbc-da8b-447a-b2f7-30611c802193,Latrena,Leversuch,lleversuch7c@linkedin.com,559-137-9972
7766d4e0-5b36-44d2-88b9-d230fd8ec978,Conan,Southcomb,csouthcomb7d@google.com.hk,503-881-0693
46a08a36-ff9c-494e-976d-2a21aee622b2,Jasmin,Trethewey,jtrethewey7e@goodreads.com,409-997-5490
a87eee3a-48b5-4530-af66-21000cac49bb,Torey,Benasik,tbenasik7f@ycombinator.com,148-501-2820
6fe2d80c-0a9e-4f63-849b-e7bf990199f9,Sharai,Abriani,sabriani7g@csmonitor.com,623-517-6580
28a0eef1-0afe-4230-8c57-a99b50b2b96d,Alyson,Lippard,alippard7h@gravatar.com,524-244-3068
89da0e81-3253-43f6-893c-669cf8983830,Stephana,Emnoney,semnoney7i@symantec.com,509-525-2498
e62431a7-61f1-45d1-a2d5-5efb6225d2b9,Natalee,Govett,ngovett7j@usda.gov,576-823-4926
4f0b4860-ca6b-4c97-843f-74bc6ca6d7ad,Mikaela,Creaney,mcreaney7k@irs.gov,453-745-7389
21582f6b-b647-406a-8f98-3e4c0d49cc3d,Amye,Crips,acrips7l@youku.com,134-378-9069
e596bbea-3584-40cd-bb54-77d081876e0c,Orsa,Goodband,ogoodband7m@mayoclinic.com,213-269-1505
f10479d9-c26c-4383-b468-9c72f0c794ac,Jdavie,Killeen,jkilleen7n@discuz.net,201-552-7323
b795ee6f-d5d7-475c-87cb-ee95cf89578f,Jeanine,Cheesman,jcheesman7o@who.int,272-788-4904
6de410a1-6817-4012-a6cb-699fe8c78918,Petronille,Vaughn,pvaughn7p@nydailynews.com,436-789-5192
48c1279f-067a-4c35-93ce-55313182aeed,Nathaniel,Zarfati,nzarfati7q@cnn.com,496-504-1571
79b55cf0-50f6-45c8-97e1-256f72dc067b,Rodolphe,Lindwall,rlindwall7r@wix.com,204-303-2217
311c404c-b409-4935-8e38-c2a4b73266b3,Annalee,Murtell,amurtell7s@squarespace.com,502-717-5288
6aa7a09b-d102-4b8f-90df-7c1e59dd6af5,Lauren,Ghelardi,lghelardi7t@princeton.edu,129-893-4269
07dd5ffc-105b-4e1f-98ae-c4000c67dea9,Vasilis,Romayn,vromayn7u@wikimedia.org,379-954-6368
0b171900-cc5d-42db-9c4c-009b0275e6a7,Tyrus,Baudrey,tbaudrey7v@typepad.com,658-655-5794
ab287c57-9320-47b8-97a3-70ed924c80c8,Jody,Lamburn,jlamburn7w@chronoengine.com,337-778-7932
e557c722-88e2-4a85-9270-0e4b50385d5d,Chane,Yaxley,cyaxley7x@fastcompany.com,297-893-1687
28f8d295-75f5-4d80-92e9-340263f47a4c,Elmo,Jakoub,ejakoub7y@youtube.com,520-636-4889
2e24aa21-fb62-4282-8008-07f94b30ff00,Andromache,Oneile,aoneile7z@psu.edu,833-775-2108
f48b382a-0a74-43fc-af67-0a0ec5eb532f,Joanne,Dominiak,jdominiak80@tiny.cc,246-921-4162
fec26274-5d5b-4b80-81ec-9229ac9e874a,Callie,Osburn,cosburn81@cbsnews.com,679-227-7252
6a7dfbf4-eca7-4b3c-98f2-3dd508020925,Aron,Mayler,amayler82@reddit.com,626-273-8418
35fe3df5-c9cb-43a1-9b72-dae44c6903e8,Finley,Marson,fmarson83@furl.net,121-839-6099
708865fe-3749-4a87-9d54-d2fa9fce7693,Raff,Reddington,rreddington84@domainmarket.com,633-741-7743
961411d5-5e63-44c8-b6ca-fd21fe38adb8,Kayley,Espadas,kespadas85@apple.com,996-376-4067
acb08840-c922-460a-91bc-455d327ba6f4,Harri,MacTrustram,hmactrustram86@alexa.com,362-217-9202
d63c7dad-a0ad-4ccc-943a-7a94cb334f67,Idaline,Bett,ibett87@phoca.cz,590-312-1381
511ab3c8-3970-4dde-bda4-60e24eea5285,Serge,Sweedy,ssweedy88@typepad.com,511-597-9482
7e900916-ee93-4f56-a093-6ba4517cdc3a,Dolly,Titford,dtitford89@histats.com,669-660-1925
c24e92dc-af11-4136-89c2-bc719436af9c,Lilias,Brokenbrow,lbrokenbrow8a@washingtonpost.com,635-135-9091
677e6722-3b1b-429e-a1e3-e7c2f6405a68,Jim,Greatbatch,jgreatbatch8b@opensource.org,938-560-4302
a5bb7a57-a9a9-4650-9708-9a6f1bc4d698,Luisa,Aslam,laslam8c@chicagotribune.com,174-631-9175
10cbf6a1-9e43-4679-8142-f5c298757082,Burtie,Dregan,bdregan8d@whitehouse.gov,964-529-9559
7e597b4c-45b4-4c98-b31d-d0cdea1f5239,Filippa,Sparkwill,fsparkwill8e@ftc.gov,511-775-8209
b3be0d35-34bf-4118-b485-c6aae556b982,Fancie,Bourges,fbourges8f@csmonitor.com,516-955-0135
d6736250-b5df-45f2-87c0-09c969a93f29,Bartolomeo,Ellissen,bellissen8g@jigsy.com,251-514-8285
7b1661bd-0d07-46b3-93fe-2e7711bd019f,Maxie,Dennerley,mdennerley8h@addthis.com,813-739-5196
5a51ae39-5720-47fc-970c-46727479878f,Sylas,Jencey,sjencey8i@indiatimes.com,121-408-8014
872c31cf-2730-483c-a20a-ba10adc32b60,Jemmy,Maciunas,jmaciunas8j@paypal.com,418-189-7527
6584d83a-a199-4e6e-b423-f4441f2a84c3,Ignatius,Maroney,imaroney8k@walmart.com,369-467-8072
120f80c0-2a7e-47ad-9e3d-098399bf131a,Dara,Streat,dstreat8l@addthis.com,583-457-1600
954294c7-dab7-4ff6-a4ea-19cf14e1a3d3,Wilow,Noone,wnoone8m@hao123.com,475-808-3938
c61b51c5-2da5-42a2-ab03-a271aefa820c,Bo,Turn,bturn8n@huffingtonpost.com,116-891-7301
fb0726e1-9614-4a9d-a4b9-8496d8e2b8f0,Elbert,Weaver,eweaver8o@e-recht24.de,231-746-0757
3a3c5de2-7d32-4758-98f1-f64644a399d5,Alec,Comello,acomello8p@opensource.org,789-722-3676
60ec0b28-1e8f-47b7-aa11-e60b0a9929d1,Cherlyn,Yanne,cyanne8q@umn.edu,493-260-6401
b2b98101-b7b5-4136-a3c3-0c7f924d4bf0,Costa,Longland,clongland8r@g.co,566-797-6695
bf06847a-82e3-4709-9477-5d51f8fab6ef,Saunderson,Rubartelli,srubartelli8s@fema.gov,525-716-2807
86a85975-8dbf-45d8-8295-fe487f834d10,Nero,McCuthais,nmccuthais8t@columbia.edu,100-497-4110
bbe1e656-0359-4f9d-b806-9a33e3ddfc89,Nicol,Sivewright,nsivewright8u@dedecms.com,482-750-6034
746ca921-22b7-4cbb-89ff-57eba8950e08,Lennie,Morden,lmorden8v@wired.com,604-920-0787
73e368bf-3db7-4c55-be67-9940ffed6279,Nikaniki,Effnert,neffnert8w@etsy.com,135-542-7231
57f6794c-c681-4b40-806d-d95ce5cc616c,Gualterio,Isworth,gisworth8x@dyndns.org,228-440-0474
93111a1d-f26d-4fde-a103-b0c43c829d94,Celesta,Marrows,cmarrows8y@bigcartel.com,950-575-2311
55bf4199-248a-4be8-b8c5-5eac8cc5b0cc,Nanon,Purdon,npurdon8z@nytimes.com,169-685-8849
8ce0a485-24c3-4fa1-a618-b45abe7e7494,Carolina,Ziehm,cziehm90@myspace.com,758-922-5659
cad70fe3-a7de-41ad-858b-7587cf5f9466,Innis,De La Cote,idelacote91@walmart.com,981-894-3067
4df10468-aad0-4953-8f39-a073e8c3fc2e,Thalia,Lober,tlober92@cyberchimps.com,647-930-3965
62e12e70-96aa-46d2-bc12-92cb2ce361b9,Gordon,Laville,glaville93@ask.com,279-448-5977
2efbd85f-5660-4967-8559-1aa1ccf71b13,Terrill,Yurkin,tyurkin94@t.co,813-653-9667
fd770951-7162-4590-bf46-f05697364ca9,Cathleen,Kropp,ckropp95@cisco.com,131-450-2739
015fb6e4-f896-4961-a960-38b83a293e58,Edlin,Horning,ehorning96@trellian.com,304-937-9321
44d7a036-1610-40e0-8dc1-a70a63417513,Lorin,Swadon,lswadon97@privacy.gov.au,298-190-4359
c7f70692-7067-4dcf-92f3-43e7de4a7b46,Gertrude,Tocqueville,gtocqueville98@sina.com.cn,942-666-9077
0144dcb0-61e6-40aa-968e-f3088339f881,Bertrando,Southan,bsouthan99@indiegogo.com,216-786-2712
e66500b8-25b2-4788-ae5a-95437be6bd41,Ade,Studd,astudd9b@google.it,125-169-8155
ad056832-f1ca-4887-88ae-9631353ca45b,Von,Goch,vgoch9c@ovh.net,573-914-3612
dd5c8ab7-c6b5-4386-95e2-9018f5eaf51f,Crin,Pechet,cpechet9d@sourceforge.net,977-626-5697
b77bf9cd-1faa-4ee9-b849-4c96afef4d69,Valentin,Roxbrough,vroxbrough9e@nps.gov,361-574-9227
632e17c2-0d43-4d75-852d-2ee3758c4f1f,Georgie,Navein,gnavein9f@chron.com,888-884-1689
22a5b0a5-804c-4ba2-b5aa-e7acbffd9511,Bran,Anelay,banelay9g@ycombinator.com,589-911-6078
7abbdd32-dcfe-48f4-9217-1fcf8bed5454,Kassey,Calderhead,kcalderhead9h@zdnet.com,415-398-9791
eb2cae13-fbdc-4b71-9e2b-fbabde0e2a37,Renault,Dales,rdales9i@uol.com.br,706-365-9003
8f130bd8-fc15-4f67-b3be-ba5206b55c9b,Minnnie,Piscopiello,mpiscopiello9j@cloudflare.com,169-626-1321
2deb932e-93c9-4138-beb9-58418766c84a,Beaufort,St. Hill,bsthill9k@biglobe.ne.jp,303-195-8682
7b1bf482-de03-4ed7-bfcb-cee040aeb0ff,Norma,Glencorse,nglencorse9l@wisc.edu,748-866-0957
1c84e328-4625-46ec-b654-c3969526ba07,Tyler,Shakesby,tshakesby9m@homestead.com,305-353-9437
a3024dfe-5280-497d-be72-c43f1c291e68,Patin,Dullard,pdullard9n@yolasite.com,811-258-1501
38101189-9575-4093-9c82-d31bc1b21e3b,Burt,Groucock,bgroucock9o@hatena.ne.jp,513-799-9511
bc0499cd-9488-4e4c-afac-0bc89861acea,Sandor,Feeham,sfeeham9p@multiply.com,767-124-3130
b2e1c0f2-8c76-4bb1-89cf-5f25f33185c8,Krysta,Reinbech,kreinbech9q@squidoo.com,306-645-9799
1f0f38dc-dae7-414e-a1aa-6597d2205574,Sabrina,Brugden,sbrugden9r@google.pl,753-449-7426
0dbe6c97-8e11-4b08-b41c-3cf2137970fe,Paige,Champniss,pchampniss9s@guardian.co.uk,450-299-9237
935aa01c-b9f8-454d-901e-245dbac4ec0b,Alica,Boyd,aboyd9t@yandex.ru,127-344-3570
bdacfd9d-d52c-4251-8360-d31c77a74708,Zitella,Coners,zconers9u@smh.com.au,449-807-0299
a890ff29-03fb-413d-9c86-3810c7054697,Talia,Tyson,ttyson9v@rambler.ru,533-614-4659
a2ef03af-6311-4083-a373-abe8123db00c,Holmes,Halahan,hhalahan9w@unblog.fr,513-686-7204
1a270e5c-8be8-4017-ac3c-e6a97870da38,Silvia,Granville,sgranville9x@state.tx.us,979-258-5567
96a5a586-9e18-4235-8e50-ea28244d270b,Demetris,Le Prevost,dleprevost9y@google.com.au,614-956-1456
33af9cec-b7b6-4dc9-8586-694212722255,Wilhelm,Bodega,wbodega9z@taobao.com,398-269-0808
925b8913-11e9-430b-89ae-bef721be5148,Ignacius,Sabberton,isabbertona0@globo.com,104-775-2662
6a3c7622-0e41-4b18-b152-3ab24b29434f,Toiboid,Armstrong,tarmstronga1@theguardian.com,537-131-8872
16e0f4eb-9edf-4577-bf41-dbbf24793198,Horatio,Torresi,htorresia2@bizjournals.com,457-506-9827
9b855484-0532-4296-bbc8-4d316b9d68d1,Ali,Simoncello,asimoncelloa3@jalbum.net,523-508-7484
2561d2fa-1140-40d4-a91c-f4c7c9163936,Heidi,Glitherow,hglitherowa4@simplemachines.org,165-351-9238
33a2551f-16c5-48b4-8b8a-dd14c1eb9315,Bondie,Edmeades,bedmeadesa5@icq.com,239-386-9532
155ce367-a89b-477c-bfef-5705ef246b1c,Jermaine,Gowdie,jgowdiea6@telegraph.co.uk,952-111-4498
174686f7-988e-4501-b04c-c37d66921b51,Craig,Ximenez,cximeneza7@hostgator.com,367-695-1913
c565f9a8-a58c-45e8-a0bb-d15896991727,Neda,Olney,nolneya8@ca.gov,801-662-5108
778cd3fc-1e91-401e-bc98-798f4b37beb2,Ross,Di Franceschi,rdifranceschia9@yahoo.co.jp,187-118-0708
dd24e676-6d15-4299-9a02-65f196110b09,Early,Dieton,edietonaa@etsy.com,128-402-0895
fb121e9d-bcd0-49ff-84fc-fa1249d16b01,Wynnie,Blaszczyk,wblaszczykab@tamu.edu,709-629-7803
77e20b4e-0aeb-45f3-b186-486df7dceccf,Brod,Nunan,bnunanac@netvibes.com,519-146-8655
872606a8-8047-4039-858d-ff23c3e3d59b,Ronnie,Tinklin,rtinklinad@slideshare.net,760-744-8523
b79bd894-e952-4444-9555-23c302c41e5a,Consolata,Rapi,crapiae@freewebs.com,641-996-8503
2925fc24-f097-4b6d-8dc0-78af9ca65e6f,Lew,Siggers,lsiggersaf@de.vu,345-605-3335
cc55f9d1-17c2-4710-9b74-61b5e4346132,Kirstyn,Menezes,kmenezesag@imageshack.us,983-645-1505
0aac775a-49ef-4838-88e8-b9501a4759b8,Lotti,Cowpertwait,lcowpertwaitah@ucsd.edu,886-752-5305
d17d3fc2-75e7-4adc-9eb5-17db4fa25d6d,Giulio,Merrett,gmerrettai@comcast.net,772-111-1714
8ec3d942-9f26-41aa-a6b0-08c63bba51e0,Costanza,Babington,cbabingtonaj@home.pl,358-628-4555
a9c1326d-4bb9-4bf0-a51d-d62045aa9277,Sybille,Heaphy,sheaphyak@marriott.com,874-625-4907
8c8731fa-9489-44f0-a6d4-d449f050438c,Linnea,Marcos,lmarcosal@google.co.jp,418-924-4853
10d1fbbc-2886-4c16-b411-141cfd28d2bc,Jillayne,Bucktharp,jbucktharpam@trellian.com,219-980-3962
9e104c90-5d76-4b0a-bf90-a8dfe737bacf,Atlanta,Rudall,arudallan@bluehost.com,249-685-4023
7c7e3675-3b01-4d4c-a77a-27289d3c0e68,Analiese,Trembey,atrembeyao@smh.com.au,558-409-3263
79530272-eaee-4648-95f5-d7f10cca2f96,Peggy,Boultwood,pboultwoodap@devhub.com,495-328-8287
9f0fc86c-c205-4fc4-a5c4-d9630674ee4b,Beryl,Cullingford,bcullingfordaq@google.fr,625-661-2087
867a64ed-859d-46f1-ba03-ee7633dc2e27,Alessandro,Probart,aprobartar@loc.gov,917-646-0648
847c22ab-49a2-4cd4-a663-811cd85c8871,Mathilda,Ferrelli,mferrellias@earthlink.net,926-910-6795
9de53b60-e08b-43d4-866a-77d069b8a2fe,Colver,Gooch,cgoochat@dedecms.com,213-314-4778
f0a37136-1012-476f-8136-5f85bd9989b3,Tani,Hasling,thaslingau@scientificamerican.com,305-836-2754
6381e7a8-28f8-417b-9ad1-fbf0fc37bdce,Kristofor,De La Salle,kdelasalleav@sciencedirect.com,555-311-3919
8a3742ca-fd6a-46eb-8a6b-8a5c21744845,Hermy,Ingilson,hingilsonaw@answers.com,450-567-2483
c043fbf3-169c-4fb6-8ac5-3a149529e2d8,Garnet,Kolakovic,gkolakovicax@go.com,780-157-8147
92c1b989-7b3b-4668-a124-a7810e2b0a53,Issiah,Gerleit,igerleitay@about.com,942-308-5964
6035274a-9eae-492d-8b14-603c63e0735a,Millie,Denyukin,mdenyukinaz@ycombinator.com,762-929-9598
018fbcc7-9d3b-49ea-94db-58676b2761db,Robinet,Backshill,rbackshillb0@eventbrite.com,383-862-9326
23f610eb-61e3-4551-806f-7cf0bad2fceb,Ingar,Henrichsen,ihenrichsenb1@sphinn.com,742-292-2394
89d3932b-e1a3-4221-933f-027923046292,Matias,Macknish,mmacknishb2@free.fr,255-180-6615
a8067893-328d-4132-8c6d-843300869942,Margot,Lishmund,mlishmundb3@opera.com,562-305-2717
7ee34546-0e2c-47ce-8922-c0011f54f177,Betta,Hele,bheleb4@blogs.com,317-804-5591
ea9a221a-650a-4b2a-8083-8e8f52aacbed,Craggy,Jiras,cjirasb5@mayoclinic.com,885-361-3060
8cb68e8c-cc48-4100-b627-1bfdbcc6f636,Julie,Wiseman,jwisemanb6@aol.com,331-468-3415
938317ee-9ade-4120-acb6-6959f280ae0c,Monty,Grayston,mgraystonb7@aol.com,472-526-5646
5090e612-6a43-4ccd-acfb-23dde43cf902,Dahlia,Finlaison,dfinlaisonb8@mozilla.org,345-391-1318
83d18c31-073f-4f2d-a820-1aaafc579158,Winona,Marlen,wmarlenb9@cpanel.net,625-189-4081
42545a90-aac7-4f24-82a0-93d8a85b92f9,Marthena,Sclater,msclaterba@redcross.org,800-814-4493
ec0ea756-c963-4d3c-a962-1f89b4645e1a,Rora,Gately,rgatelybb@google.de,693-262-1972
ad5a3339-055d-422a-9d5a-a2ade264ada9,Correy,Malmar,cmalmarbc@merriam-webster.com,536-771-9627
8315887f-1f43-4171-9d45-e80a03136c31,Myron,Houlridge,mhoulridgebd@weather.com,198-970-5218
470d46dc-622d-4928-8799-38a427f7f933,Sidonia,Ralls,srallsbe@lycos.com,761-566-9962
5db050fe-71e9-4ab4-ab2c-ab411822a35b,Nikolas,Ayars,nayarsbf@reddit.com,339-574-7973
a1c15dde-4594-4f0c-b7ff-9ac36b2de6b0,Rafaelita,Glendining,rglendiningbg@newyorker.com,415-490-3324
bd1baa23-6416-4890-8c32-650086c3c1d5,Paton,Chipchase,pchipchasebh@yahoo.co.jp,407-613-9844
ad7d5dfa-f44b-4413-9da3-c1cf26401165,Clemente,Goublier,cgoublierbi@ustream.tv,899-366-1581
cfefaed0-9e6e-42ed-951c-7deb97acdc26,Kimberley,Nisbith,knisbithbj@mediafire.com,553-532-6676
3eb2cd20-a051-48f8-85d9-d568c70d2d6d,Syd,Smethurst,ssmethurstbk@cnbc.com,549-372-7608
8f49c060-27a7-4ebe-97f2-5d2d9315fd08,Frankie,Barling,fbarlingbl@wunderground.com,133-759-8748
a773a03d-dd56-47ef-9bf2-b95639175b77,Alexandra,Galfour,agalfourbm@globo.com,664-411-9030
776a94bc-4507-4485-8fe1-12f20f819bab,Jess,Stables,jstablesbn@psu.edu,873-965-6967
bc4e9aba-f8e2-4c61-9251-52b7fbadd99b,Sheff,Bullar,sbullarbo@fema.gov,227-711-4701
c6184329-126f-409c-ab31-f2a69ff73c27,Natassia,Patching,npatchingbp@craigslist.org,233-737-2555
eba4a0ce-1113-4b24-804d-550959b964ce,Fransisco,Scudder,fscudderbq@google.de,115-564-4595
c8aae012-4707-4de4-bde6-aa22ab619e40,Keelby,Uttermare,kuttermarebr@mozilla.org,771-349-7039
3fb5bd72-3e2f-4fab-a22e-f78967f8be0a,Ignace,Keri,ikeribs@php.net,448-848-2791
0b95a258-7e17-4f3a-bb07-c514de19525a,Ali,Shekle,asheklebt@nih.gov,144-497-5114
22cc4573-c5ee-41c8-b08f-8837461046bc,Darnall,Maleby,dmalebybu@yandex.ru,180-446-8453
38ab6d6f-b722-4995-8a66-638963cf66a2,Rolando,Yakovich,ryakovichbv@examiner.com,110-381-2517
2f99c219-2025-4f01-9843-a15b366f023b,Fanya,Ridge,fridgebw@cornell.edu,547-733-1807
58a1765a-57be-4b8e-ab70-f3260f4c0b86,Joella,Langwade,jlangwadebx@bloglovin.com,660-521-4277
2c48e531-374b-4f41-bb70-17d6943e6f06,Derward,Ferronier,dferronierby@chronoengine.com,928-794-0578
e6bd5a94-4eef-4c74-b45d-53613ee9cc0b,Maridel,Watsham,mwatshambz@wikispaces.com,429-300-6343
155f222c-51b6-45fe-9edb-f4572045f459,Cherin,Greave,cgreavec0@wired.com,915-711-9743
6d22450b-8a45-463c-aaa4-407cf315f22f,Helena,Ayling,haylingc1@ucoz.ru,614-920-5695
83d21f93-2f7c-486b-80b6-cf5f9df33ea0,Marni,Lovett,mlovettc2@omniture.com,490-543-2494
bec714e1-6e3e-4384-833a-fd5b90e248cc,Dick,Syddall,dsyddallc3@dell.com,377-453-2941
f48952d1-b51a-44db-b223-6992cb7ab12f,Sven,Elliman,sellimanc4@vistaprint.com,616-707-6930
16ee6e6f-db56-4348-a105-3b9ad17af073,Rudyard,Guirau,rguirauc5@disqus.com,952-964-6443
915d3a12-0ffd-4dc7-aafd-8b729ab17643,Marcos,Melato,mmelatoc6@domainmarket.com,868-184-8734
65344901-af1f-44ce-b8de-bdc207e7eed2,Berry,Chappel,bchappelc7@archive.org,507-479-7214
a127fd64-8475-4f75-8722-59982f9ce0d1,Jareb,Mostyn,jmostync8@ovh.net,653-627-6782
4c43528f-b169-4ef4-9d9f-fb61e5cfa69c,Reinhard,Roblin,rroblinc9@shinystat.com,815-153-6616
728b22df-e295-4072-a002-c2b8bec283fb,Francene,Brierley,fbrierleyca@go.com,239-546-3336
d0ccb423-be95-4325-9c72-272347e367fa,Malorie,Rean,mreancb@craigslist.org,565-282-0532
beaa8269-9d49-4922-b87d-75a2e0032b31,Sanson,Balding,sbaldingcc@facebook.com,802-280-4814
c7bffe85-3d24-4e2a-a69e-67c37f7f9ec0,Holmes,Blackbrough,hblackbroughcd@plala.or.jp,774-575-0296
3e6d93ba-5c4a-459f-ba4d-727d4ea3be9f,Welbie,Milverton,wmilvertonce@mapquest.com,661-578-5798
2d56e95f-6a1e-445b-86b1-56e255a2160b,Abigael,Seeds,aseedscf@huffingtonpost.com,926-925-4433
abf2888a-d175-4354-bdfe-73bf8f07fcea,Arri,Kleinhausen,akleinhausencg@issuu.com,456-181-9436
6054a940-d9a4-41f8-9030-c42a395f0120,Alyssa,Suffe,asuffech@sakura.ne.jp,888-400-4140
fc64ac62-0979-4d91-98de-aabbb34e3282,Trixie,Ash,tashci@biblegateway.com,614-931-2444
7377129f-c4a6-4f85-8362-6f0074b0d6b0,Ezequiel,Windram,ewindramcj@xrea.com,258-625-2052
058f88cd-c1aa-4475-b696-30d36deca350,Hailee,Jossum,hjossumck@businessinsider.com,825-930-3303
654a7ce3-2ca4-4cc6-ad43-306db9df5be2,Genna,Pringley,gpringleycl@flickr.com,694-677-5803
adcf3620-5296-4d41-beee-60888fdc5f2f,Stacie,Edmund,sedmundcm@senate.gov,263-321-1528
04b8699f-865b-4fe8-a39b-46bda2774bc9,Aleece,McGlade,amcgladecn@xinhuanet.com,515-460-8951
312669b9-2787-4075-919f-80f5077aef60,Lyn,Tripett,ltripettco@businessweek.com,982-802-3838
eab22a67-83ae-4405-9daa-e780d3f3413f,Bambie,Halson,bhalsoncp@engadget.com,405-696-6826
ee560a0b-9842-4134-ab8e-28c18482f96c,Bren,Tilly,btillycq@ycombinator.com,180-237-3712
2831c222-d995-4f3e-91d9-74d052527cbc,Paul,Skipping,pskippingcr@tripadvisor.com,357-527-9556
325d6352-7fb3-4570-b4e2-b279714ed69a,Julina,Saul,jsaulcs@cnet.com,847-943-4855
7cfbe3dc-7c87-490e-8173-1cf6c1b1de2f,Clement,Titchen,ctitchenct@php.net,348-260-4159
a516652e-89ab-44ed-bbfa-9825e456d733,Kirbee,Rydzynski,krydzynskicu@clickbank.net,121-765-4842
5f3a4f71-558f-4966-b620-0a92cd33185f,Stillman,Kolis,skoliscv@irs.gov,490-253-2518
ac6ef91f-1239-4795-8e10-ae0321e68d99,Ennis,Mathwen,emathwencw@sfgate.com,144-319-1005
407e1a1c-8191-4fc2-9689-85688a7aa1ab,Brenna,Asbery,basberycx@canalblog.com,268-886-0784
23411732-240c-4a61-84ca-7e88299bf485,Angeli,O'Hogertie,aohogertiecy@ox.ac.uk,563-318-5225
9e6f32da-7125-42c2-bfa3-7d1bcbc14fa7,Putnem,Heading,pheadingcz@360.cn,490-938-5130
7911e153-5f6d-4124-a8e0-9a47cc379061,Minor,MacCardle,mmaccardled0@hugedomains.com,836-593-0276
d5a1c257-f3f2-4d1d-b282-425a949c10e8,Hillary,McCraine,hmccrained1@tmall.com,218-484-1698
0283e7f6-aae7-4bd4-9775-5644586c6ce6,Kari,Flaonier,kflaonierd2@vk.com,556-238-9029
08387093-080e-473f-8693-d7bbcf247207,Francisco,Ross,frossd3@ca.gov,964-311-9327
4bdcbd42-b97d-49f7-b90c-8c847786e622,Sauveur,Feldhammer,sfeldhammerd4@cam.ac.uk,543-758-2181
099432c2-e24a-4c41-aa2c-672a4ea122eb,Kyrstin,Mundow,kmundowd5@huffingtonpost.com,719-724-0627
200c848c-dd8b-44c2-8f07-2ab829437980,Gwyn,Jennemann,gjennemannd6@arizona.edu,410-753-3694
1c2800d7-fa03-444b-a504-385fa1d7b1af,Stephine,Woodberry,swoodberryd7@yandex.ru,601-550-7969
82c336d2-9d51-41e8-a6e2-23c476be4d7f,Nathalie,Le Noir,nlenoird8@zdnet.com,663-863-6307
e2f77057-66f0-49f4-b2c3-a15ee5c8546a,Faustina,Allday,falldayd9@noaa.gov,403-801-7133
e84f0074-6312-4ee1-9a07-78680c8cd8fd,Markus,Wayper,mwayperda@mayoclinic.com,242-177-2497
a0c2a0b0-9a7a-40c1-982a-7eb80b502f08,Marlow,Ammer,mammerdb@newyorker.com,887-298-3259
13a3bf85-0206-4eb1-8e2c-b7019ee0e3c2,Otis,Frangione,ofrangionedc@icio.us,951-773-4150
7a08a494-d15a-4d4f-900f-85d2957d1817,Norri,Foffano,nfoffanodd@tripod.com,850-808-3273
7c9d7e0d-ac2d-44e2-9f0a-37bda4fcd372,Curt,Earthfield,cearthfieldde@tumblr.com,989-248-5682
d5197d59-bc06-48ae-8e65-e8ddc0c4deb6,Austina,Barensky,abarenskydf@scientificamerican.com,540-863-4438
9bef6648-4040-4705-a740-e7bed59059d5,Turner,Bracchi,tbracchidg@paginegialle.it,203-165-9816
7181f23d-2957-4052-8c6d-9ca6a840317a,Elly,Fruish,efruishdh@smh.com.au,964-542-6275
5bca46ef-da61-4673-8707-8b7fafe8ff05,Lydie,Boswood,lboswooddi@blinklist.com,651-174-0549
aafd600a-477e-4dfb-9953-1c7b968ffec8,Glynn,Brownsey,gbrownseydj@dmoz.org,571-806-1122
4edb0e38-a395-4060-8f93-1f4665ef8e51,Ezekiel,McPartling,emcpartlingdk@cbsnews.com,386-534-1861
cfdcb9ed-2a34-4942-a121-95ad874e9cfd,Farrell,McAree,fmcareedl@admin.ch,740-893-5173
d23824e3-55cb-4475-8060-691c0c2ab5ad,Wilbert,Sabban,wsabbandm@gizmodo.com,570-292-1151
80820b83-7577-47c0-a104-b998de9261a0,Marabel,Partrick,mpartrickdn@cornell.edu,985-875-5620
6d3cfe9f-a738-4057-85ff-06c9918c8ff9,Charmine,Berney,cberneydo@yahoo.com,817-192-0944
38f78f8c-3ffd-4937-ab64-2a5bdee2c5f5,Bobbye,Derbyshire,bderbyshiredp@ca.gov,843-354-3768
a221ffe6-bcc4-4ac3-9f49-d3851d597e32,Ole,Gegay,ogegaydq@bandcamp.com,165-241-6424
bba22f32-84cc-49a3-8f2d-bed59214d33a,Ado,Firpo,afirpodr@unblog.fr,690-131-1173
24e40708-37fd-4e81-ae3b-e7d6369e8c13,Katine,Jaulmes,kjaulmesds@prnewswire.com,541-184-1813
6cf67ef8-2b44-4571-b41a-e8219e427f65,Carol-jean,Revans,crevansdt@soundcloud.com,514-222-1043
ed4b3cfc-b7af-44f0-b11a-0d8b376650a2,Teodoor,Paal,tpaaldu@diigo.com,537-859-1083
5ed6565c-a2c1-488b-8db9-c26f37b48e92,Rochell,Tilliard,rtilliarddv@storify.com,594-708-1899
b164f175-631c-4326-a6da-6b45dc2d60db,Claude,Legerton,clegertondw@bigcartel.com,583-121-7466
d03deafc-385d-418d-8422-ea244d850076,Orlando,Joules,ojoulesdx@go.com,321-955-5184
b24c3251-0b0a-4cd3-8e3a-02fa8cc24f71,Starr,Lovart,slovartdy@hibu.com,995-170-9612
a8447b3f-d50d-4df6-9f2d-5260f6a0ce2e,Pancho,Pepler,ppeplerdz@aol.com,409-143-9615
f15d40d0-6a63-4a74-b515-3f7a9142ae7f,Shawn,Halfhyde,shalfhydee0@mysql.com,323-573-8837
db54465c-c855-4cc8-b949-1c4ddd738bd3,Yasmeen,Thomson,ythomsone1@xrea.com,920-347-2411
cbd6de16-a7e0-49fc-90d7-12d2b57770c2,Sargent,Deeson,sdeesone2@jigsy.com,689-765-0479
cd9aae53-889a-48f0-9c05-834a54f81c52,Benji,Jacobowits,bjacobowitse3@miitbeian.gov.cn,394-898-1846
fa53cd99-b310-4b0a-8a3b-08cffdcf4e9d,Alan,Chaldecott,achaldecotte4@earthlink.net,897-977-2921
1bfb7cc0-eee8-4acb-81e9-e8766d01ba90,Fawne,Eates,featese5@shutterfly.com,786-278-8713
3bbba99b-a53d-4ae2-a9f5-df0a809c6561,Fee,Cudworth,fcudworthe6@soundcloud.com,144-613-4280
4c6ff05e-2b4b-4aeb-b9f5-e0fef3524cb1,Mariska,Smolan,msmolane7@aol.com,299-138-0281
f3f37a55-0a47-4aae-8105-003504b01c07,Far,Chatters,fchatterse8@irs.gov,462-161-1052
603d0a8b-eaa2-43b7-85b3-5de116baf479,Johnnie,Snedden,jsneddene9@google.fr,450-940-3547
c91c9394-0c17-4783-857f-c1104dcff685,Twyla,O'Dwyer,todwyerea@eepurl.com,566-841-0073
6dc4b4c3-24e5-4123-b328-10bbab6c8b9e,Nealson,Downie,ndownieeb@cnbc.com,766-352-6303
45f86f5a-2048-49fd-b4ae-ae0d3e10f502,Dodi,Hucke,dhuckeec@people.com.cn,227-587-9187
d725c7af-59bb-4508-a4bb-b8bf97c38c86,Edik,Udy,eudyed@meetup.com,867-848-4050
7346cef3-a9c2-4a2c-bd3b-bf567fa83b75,Ring,Offord,roffordee@scientificamerican.com,875-185-8880
8d884db3-1417-4327-aef4-76fa94df4d64,Beaufort,Currum,bcurrumef@opera.com,880-902-4993
5346cce8-1171-4fda-af1a-d02cc6c56098,Neysa,Layton,nlaytoneg@yellowpages.com,267-392-4207
a6d79457-3715-410d-946f-9c7cebcaa3a8,Linnie,McGrann,lmcgranneh@umich.edu,915-817-1873
59833a92-f393-4bde-8d1f-516e5172049e,Annis,Ilyunin,ailyuninei@mtv.com,102-663-2753
efb8fefc-d2c2-4ce5-94c8-5aafc42f67d1,Baryram,Poletto,bpolettoej@jimdo.com,493-363-5375
f5dfce3e-14e0-49a4-bb69-27c93ca0b6d1,Etheline,Frere,efrereek@hatena.ne.jp,547-326-0157
0ea2cee9-2171-4970-9c12-b8c6ddecbaef,Kittie,Greenway,kgreenwayel@g.co,714-232-6358
16fe4b30-c84f-4f01-bdac-e392aea0865c,Tommie,Crickett,tcrickettem@wiley.com,962-453-6085
a5c5e56c-5c9f-4b40-8799-c4cd5ad02fe6,Cahra,Beckinsall,cbeckinsallen@google.ca,458-129-7686
6c58f03f-7c42-4626-8219-2285e87ce135,Scarlet,Confait,sconfaiteo@is.gd,661-819-7938
dce0cc2f-1dab-4009-a531-52d7fcf01bfc,Molly,Trosdall,mtrosdallep@ft.com,583-866-3415
cd47a805-8170-4876-b68a-270643df1101,Lorena,Boath,lboatheq@walmart.com,626-575-0161
b60111a2-2b65-44e0-99c2-a780e69f7e4e,Nancie,Smewing,nsmewinger@zimbio.com,924-881-2389
30997213-7b80-41b0-affb-e79fcbec82cd,Roberto,Purchase,rpurchasees@reuters.com,696-547-0352
a73feafb-ed7b-400e-9a23-a33a02e79587,Rena,Dils,rdilset@epa.gov,183-478-7772
f242d03f-2104-4515-b838-5f77ad31f008,Cal,Brumfield,cbrumfieldeu@discuz.net,859-452-6662
ce8010a1-3f8b-4f48-aa3d-e7bf5c7623f5,Shalne,Geering,sgeeringev@about.com,293-448-1633
fd825efb-cef5-4e5d-a15b-ac5648962b35,Gerick,Manger,gmangerew@topsy.com,808-785-4525
f8e7cdcf-266c-4ad3-8cb4-793d1e14da82,Elroy,McColgan,emccolganex@w3.org,293-877-7428
0d9c003d-bc45-4040-aa4f-7481ed5b25c3,Shermie,Tremelling,stremellingey@businessinsider.com,130-889-0046
39f90d38-5315-4f0b-be47-d4809e9a0633,Orson,Canto,ocantoez@jalbum.net,229-576-1352
cd9e91a4-fed4-40fd-aec5-7e7438b13c08,Giavani,Flatley,gflatleyf0@nifty.com,919-325-9773
6e0c00a2-7d81-4227-b3e1-2d9aec4127a8,Clerkclaude,Shearsby,cshearsbyf1@devhub.com,737-234-9366
ebe4bcc5-2fd3-4539-8e84-b5382d67aaef,Murdock,Ferrao,mferraof2@weather.com,706-651-3429
1e15f943-012d-4ab2-8b93-12818ac4f8d4,Sal,Spawell,sspawellf3@amazonaws.com,665-546-6002
ceb4803d-eff7-4d74-9c0e-9dfd94237ce0,Verile,Kaysor,vkaysorf4@chron.com,890-121-0685
5155a2fe-5b90-491f-b9ea-e3a2898c24ed,Timotheus,Severns,tsevernsf5@alexa.com,302-753-1593
25bad686-71d3-47cd-b1cc-e34838f6b125,Timothy,Leigh,tleighf6@hostgator.com,327-544-2619
9301c725-f8bf-483a-8ca8-f3020376e130,Selestina,Musgrove,smusgrovef7@slashdot.org,785-378-2836
45372609-be2e-4230-a31a-69f8bddcaf27,Carmon,Blagdon,cblagdonf8@hatena.ne.jp,389-506-6765
eaece7d1-3f01-4402-985c-a7aa58c7d1a7,Chaim,D'Costa,cdcostaf9@webnode.com,843-768-6144
0f6cf58f-8e00-47f0-9af2-ae1dabd4a8a9,Celka,Phillput,cphillputfa@netvibes.com,248-228-8460
e2cfcde8-e159-4060-9622-8f857b72f0a4,Lexy,Yeell,lyeellfb@columbia.edu,454-618-9487
d979ad0d-9868-45ef-8a27-d0ee9547082d,Georgie,Brussell,gbrussellfc@vk.com,916-999-9470
fbb615da-e2a2-45a1-a497-db6bb6a4703d,Ceil,Niese,cniesefd@skyrock.com,352-103-3897
64a9713b-4a71-4cf5-b58e-77cd077d4cf2,Evaleen,Francescone,efrancesconefe@ning.com,108-768-1544
77beb52b-7c02-4ea7-9a2f-40f1976e9d2c,Sigfrid,Hickisson,shickissonff@webmd.com,545-800-9818
248fd7b8-92ad-42b8-8c7f-e81f5577e908,Valeria,Madgett,vmadgettfg@europa.eu,596-870-3226
94d9b433-36b0-4e3b-a529-1fc80b116b09,Kelci,Boecke,kboeckefh@wikia.com,436-292-1716
d9e297cc-9952-472f-829f-e08f7b2e0ea0,Lexy,Pirrie,lpirriefi@google.de,737-349-4953
0e2879d3-ed8f-4157-a8af-63a23e30b54a,Atalanta,Le feuvre,alefeuvrefj@tripod.com,809-937-9904
f3b4f556-44f3-4190-8277-b082881d420a,Olivie,Carriage,ocarriagefk@timesonline.co.uk,810-164-2106
2d159fb5-20b7-4c0a-88e9-761e9a4079f2,Selene,Surcomb,ssurcombfl@sfgate.com,580-287-6597
c06e7bfe-bc44-420f-bb5c-51c3f6c1e0e9,Tann,Fewkes,tfewkesfm@wordpress.org,254-616-1576
bb6d4ae6-482b-4bef-aadc-0713cd891b7b,Janela,Robertazzi,jrobertazzifn@ihg.com,995-305-9000
8c79ee2e-34fe-45af-9fd8-943991d0d649,Nona,Trahar,ntraharfo@sbwire.com,147-132-1081
b8d262a2-a6ae-4c2f-93f9-a9d2d282dbc5,Yasmin,Fenelon,yfenelonfp@hc360.com,618-140-9730
4c96fab4-3925-4e0a-99cd-dd9401315d32,Killian,Garwill,kgarwillfq@berkeley.edu,835-512-4975
1178b88d-522e-41fe-944a-7473ca19f33c,Terrijo,Weight,tweightfr@ifeng.com,632-452-5575
41bcb492-5fdd-442f-9022-cb59c75e35fd,Gannon,Meikle,gmeiklefs@soup.io,316-131-7614
51139763-9c03-466c-a3ba-0f10551e2ac4,Johnny,Falls,jfallsft@ifeng.com,221-934-4952
e4cd90dd-1821-48fc-971d-42e216e2bf46,Betteann,Gawkes,bgawkesfu@myspace.com,366-263-2369
9917e4ff-2ff1-4b5c-aaf5-8571e392c217,Allayne,Towe,atowefv@tripadvisor.com,546-809-1584
a90e477b-567f-4fd2-bc87-8221370ad712,Devi,Halgarth,dhalgarthfw@desdev.cn,622-995-1572
1adea996-7051-4ebd-96ec-8e50caae6f18,Tom,Windybank,twindybankfx@cornell.edu,391-706-6657
c0e327fd-04d1-4a65-837d-e7bd41987766,Sebastien,Widdows,swiddowsfy@tamu.edu,204-288-1015
cefceb4f-66a1-4afa-85f7-e5977e214377,Dona,Wittrington,dwittringtonfz@vkontakte.ru,495-668-6103
510f9350-fe2f-42fc-9bb2-0d66ae2c7433,Archy,Gronav,agronavg0@sun.com,452-312-8330
eb979e1e-74b9-43dd-b6d0-cee8d2679c10,Gertruda,Georgeau,ggeorgeaug1@shareasale.com,443-469-5775
bcc86b58-3ac3-47f7-9eac-c7aa881ba8bc,Howie,Pentelo,hpentelog2@youtu.be,193-225-4491
b5e142f3-b59d-48da-8e40-7a141b236d26,Berget,Burgh,bburghg3@g.co,540-708-2987
078081dd-9aae-4962-9074-edfd5960f80f,Amy,Pesic,apesicg4@rambler.ru,671-854-7680
dcf48ec2-7c03-46f1-b89d-39a4bce00629,Nickolai,Woffenden,nwoffendeng5@newsvine.com,239-645-8810
6967cd09-fe82-4b3f-8641-94aa46b3f387,Nessa,Macek,nmacekg6@globo.com,316-148-9732
0dd96472-3f9f-4f8b-885e-a835f381daa6,Babette,Strowan,bstrowang7@google.it,949-122-0266
e104f130-90ef-40de-828d-9bd93998b5fb,Kristoforo,Liversley,kliversleyg8@google.co.uk,245-364-0555
4b95c18c-3855-4f25-ba59-cb56ed8ded74,Andrea,Flasby,aflasbyg9@ameblo.jp,396-262-8788
119f3f19-7610-451a-9125-acf7256563ec,Gardiner,Androletti,gandrolettiga@accuweather.com,805-278-9553
ea030f48-ac12-475b-90dd-7b1d9ef7a098,Abdel,Beevis,abeevisgb@jimdo.com,711-317-7819
d67d94a9-156f-4d76-b147-163ffacf7f8a,Colene,Francis,cfrancisgc@apple.com,820-499-7374
1e76489f-27f9-4f7b-b8ba-db1e9f60107e,Walliw,Braunds,wbraundsgd@linkedin.com,517-145-3495
34cb7719-63dd-412e-afd7-9d34c0d13564,Tansy,Vsanelli,tvsanellige@storify.com,439-711-1430
50f683a2-c8a5-4ab7-baca-6a0bba6a2756,Antony,Orht,aorhtgf@nba.com,100-820-5449
a9f02543-0975-48e2-a60f-5300b7971c78,Hall,Kermit,hkermitgg@wp.com,598-928-3516
633cfdf2-8e6a-4509-9090-4eb165ff92d2,Tana,Cove,tcovegh@scribd.com,441-406-5824
040b0280-9339-4920-a2b9-f279fc96f163,Jeanne,Ayling,jaylinggi@seesaa.net,555-925-9338
1671682e-3141-45a2-963c-a526039f833c,Tandie,Vaudrey,tvaudreygj@cyberchimps.com,579-317-1564
b358c6e4-26e5-4378-a59c-4b862db7d5b6,Percy,Crux,pcruxgk@odnoklassniki.ru,472-559-2614
fdd284ab-0a42-4853-9ff5-a8074d91782a,Dario,Le Strange,dlestrangegl@archive.org,869-998-8074
20cbee31-c466-408a-bbf1-966f398f4cf5,Ranee,Iacobetto,riacobettogm@google.com.br,398-103-9717
5232d42f-3aac-4394-abae-56d8b621ab2a,Lilias,Formby,lformbygn@berkeley.edu,549-387-0444
801411e8-7012-4f9c-a5fb-5d2eff91c292,Doy,Weller,dwellergo@hhs.gov,611-567-1756
adefcfcc-7e47-452d-9099-617bf296e5ea,Gran,Bridson,gbridsongp@ebay.co.uk,995-620-2399
7ae48912-d326-4563-9069-30a798ebcc0b,Witty,Fulleylove,wfulleylovegq@gmpg.org,993-692-2890
5db2bae5-5996-4579-9b4d-a1bcedd9eea4,Fay,Dixsee,fdixseegr@google.ca,534-692-7404
03aa3362-9dad-4b1f-8301-e884a3e1bdc5,Poppy,Stiffkins,pstiffkinsgs@zimbio.com,678-153-4310
20a4c02f-4f92-48e2-bed9-4b742d89bd54,Constantia,Schruyer,cschruyergt@bbb.org,852-287-4648
26aed7f1-18f4-471a-a868-9e52a31e45a7,Audre,Oubridge,aoubridgegu@jimdo.com,442-131-0268
e44f37c6-6d0e-4e27-9a7c-31e47982807a,Andromache,Varden,avardengv@yolasite.com,370-387-5013
4fd3bd58-a26d-455b-afae-dc9a07b988d8,Lorain,McClune,lmcclunegw@comsenz.com,698-668-8176
9a7a7023-2de0-498b-a772-98ff5bbff93a,Sabine,Worsnup,sworsnupgx@jalbum.net,331-453-7275
16b8cf18-3a8c-44e1-8308-626396d7aa7f,Hakim,Pether,hpethergy@tiny.cc,298-732-0678
e992cb6f-c2d8-4ce1-b37d-e8138406e7e4,Brana,Harlin,bharlingz@nba.com,532-278-3865
1bfbf52e-625f-42a6-8ff7-8ac86a1f0b57,Maxy,Temporal,mtemporalh0@craigslist.org,486-383-1084
a88404c8-4e8b-4e0a-b6b3-0074a364aeac,Eamon,Jacks,ejacksh1@deliciousdays.com,313-966-1080
b4787dd1-3a29-40f1-a4cc-1c6fa0cfa67b,Hilliary,Genney,hgenneyh2@cbslocal.com,506-993-7708
94cdef1c-bd6d-4e60-aeed-f8a90a24bf8e,Moises,Jenkerson,mjenkersonh3@google.nl,867-684-7169
484e1d6b-12c8-4914-b4a9-c3abb085166e,Agneta,Vedstra,avedstrah4@cargocollective.com,328-879-3421
5c8099ee-9b53-4a48-9f3e-ef474df86844,Karia,Ussher,kussherh5@phpbb.com,222-249-6377
f4790def-9a53-4c60-8857-da323596cf9f,Elbertine,Casserly,ecasserlyh6@auda.org.au,116-700-7092
5a2f7db0-75cd-4bbd-9539-f3650de027e5,Constance,Fergusson,cfergussonh7@devhub.com,699-364-1166
a475c5f5-2eaf-4488-90b9-dc79157bada2,Halley,Easey,heaseyh8@pinterest.com,524-217-3215
c46c1adb-c823-4c87-abfd-bb8f74c82811,Danita,Crate,dcrateh9@apple.com,706-840-8293
7f525842-7da6-4c0a-8db8-e7d2eca822f7,Klarika,Frenchum,kfrenchumha@noaa.gov,630-545-1087
16ade6a5-a3b3-47a4-a79f-9e2e2227f238,Wilden,Brandenburg,wbrandenburghb@angelfire.com,805-118-8982
3a7df3ea-b683-408b-9458-d989efc9b9d1,Heida,Yedy,hyedyhc@parallels.com,293-297-8516
ef01d27c-97c5-46fc-b2a7-6544ba3cd04a,Marje,Coite,mcoitehd@vk.com,280-835-8736
a0be462e-75cb-479c-a826-d0f3fc5d95d3,Suzanne,Antonopoulos,santonopouloshe@google.es,551-209-9040
a20b2674-dc11-4255-9c5d-38208fb99e1a,Danit,Thulborn,dthulbornhf@reuters.com,955-203-7379
459ce415-13b5-44d1-a837-be205855bd01,Adolphe,Frede,afredehg@indiatimes.com,541-525-1217
4f72cff9-490a-4e4d-93ab-6f686ad87502,Aaron,Oldknow,aoldknowhh@bloglines.com,787-548-6190
dbac974b-8961-41d3-91aa-b57136c2f223,Evita,Brymner,ebrymnerhi@scientificamerican.com,686-310-2316
f26239a5-21f4-4b57-a057-0f727431eccb,Stefania,Dettmar,sdettmarhj@sogou.com,840-325-1396
d8d590bc-6b1d-4675-b741-3a713e1fab69,Irwin,Musla,imuslahk@qq.com,269-119-0585
8ea4efc0-c6ae-4c03-b5d8-403157047105,Ranna,Leech,rleechhl@theguardian.com,908-642-5939
7ef0d9c6-d4de-4aef-9289-8a11932f8dea,Clarke,Perryn,cperrynhm@trellian.com,243-980-1142
814a14d0-f474-4569-9d9c-44ec2e8d32f5,Kelley,Eve,kevehn@typepad.com,121-705-1040
ce38f35e-d46d-4b1e-ac24-b6dace6af99d,Hobart,Dowglass,hdowglassho@scientificamerican.com,688-399-3816
78993a9e-73d8-46ec-be59-720f6e33e7e2,Gabriele,Towll,gtowllhp@buzzfeed.com,385-520-1502
5e8a4ae2-c473-4233-bee2-e31ae608c742,Georgena,Penzer,gpenzerhq@microsoft.com,687-208-7666
abc0d486-b4dc-4c22-9696-e8c3e4721475,Branden,Payle,bpaylehr@apple.com,255-997-5136
3de0cae9-2610-4717-a532-9be6c6f24306,Lyle,Crosswaite,lcrosswaitehs@gravatar.com,646-267-0486
3e13e794-f194-4faa-8368-30802e602fd7,Leanora,Raddish,lraddishht@yellowpages.com,904-880-8214
8ada7a19-a722-49b4-80b6-3cb741c01ba6,Abe,Gottelier,agottelierhu@nymag.com,498-509-4472
24fb6911-2fd0-4d2f-857a-667f5c0badaa,Tallulah,Garroway,tgarrowayhv@oracle.com,164-617-6101
e284189d-22fd-4b54-845c-404d6f36bceb,Keslie,Chilvers,kchilvershw@wikipedia.org,637-193-8102
0d92c481-315a-4961-ac8d-a43856f8858e,Dalila,Rouby,droubyhx@weibo.com,183-301-6498
f3469987-764d-4c8f-a452-ec9e8f242dad,Lizabeth,Woollhead,lwoollheadhy@stanford.edu,511-467-8713
ab54bdb5-6a4a-45ba-8c6f-700c2fd14dc6,Quentin,Masdon,qmasdonhz@newsvine.com,596-971-0887
c37b9320-7d20-4e71-a7d0-070e7c6b036d,Genovera,Spoure,gspourei0@tiny.cc,316-284-8034
7f7a27cd-0140-4c77-bd6c-851a55adeb8e,Wallace,Caltera,wcalterai1@mashable.com,721-785-5645
7b6f8914-923f-4c5f-817b-5dbb0edac69d,Sibley,Maccrae,smaccraei2@yolasite.com,537-996-2543
d1ec8d32-8600-48b7-8df1-f404ad936124,Laraine,Griston,lgristoni3@feedburner.com,548-717-2254
49747d34-a92f-46e9-b23b-61542e12dfca,Kelsey,Windous,kwindousi4@patch.com,303-394-2496
e47e4d07-d75f-4c5c-a772-6fed93ce4a72,Aimee,Weine,aweinei5@pinterest.com,175-168-7695
b8edefd6-526c-4826-846c-eb43e57909a1,Kaiser,Defries,kdefriesi6@ftc.gov,141-951-2139
06fcf70c-37b6-47a2-906a-0b677fa5aed9,Shelia,Clewett,sclewetti7@netlog.com,193-801-5751
cf9dbdda-4143-4a61-9fbc-2c5e89532514,Ermengarde,Tackell,etackelli8@soup.io,271-374-5247
811316c5-de1c-4d1b-8bae-c68e5edd6ed8,Wendall,Grundon,wgrundoni9@weather.com,302-264-9062
bb63d313-a18d-499e-95ed-25b971be93f4,Alejandro,Yanyshev,ayanyshevia@etsy.com,217-942-9724
c729d4ff-77b5-4374-8838-a933d8d68794,Dodie,Shafier,dshafierib@mail.ru,407-529-4410
c596eef4-a6c2-4867-bb7a-194627c81532,Chrissie,Corrao,ccorraoic@princeton.edu,314-942-0020
8bd888df-4d25-4be1-9655-6303d018b550,Alain,Le Galle,alegalleid@digg.com,108-832-3094
aa221cdc-60ce-4402-81b2-276a4d6b896a,Lane,Tremonte,ltremonteie@canalblog.com,250-509-0111
f50faa8b-9714-4665-a99d-7d9629645a85,Shellie,Harce,sharceif@drupal.org,564-963-8935
65fad40a-8d33-448a-9b49-14f134ef0a76,Bernita,Maleby,bmalebyig@newyorker.com,427-860-0321
16fa60d7-06ff-4d22-864a-d9d1fce92f62,Jackie,Balf,jbalfih@woothemes.com,711-651-4295
931ef9d0-93f3-4557-8d5f-319ceaf08d07,George,Spacey,gspaceyii@whitehouse.gov,202-817-2170
35753248-bc78-491a-bcb8-da7ae2f920a6,Krystal,Shewon,kshewonij@sciencedaily.com,830-485-3043
c1502e7e-16d7-42db-bfb9-730318b00dd2,Tris,Kleinfeld,tkleinfeldik@springer.com,395-535-7727
4548d089-4943-4110-8cbb-43b87ae498ce,Rori,Ibert,ribertil@indiegogo.com,100-704-0762
058b437e-574a-4d8b-bf45-8b45ba960a6c,Gearalt,Reide,greideim@ehow.com,222-607-5700
72be9834-3e30-48bc-85e5-058c0c69b125,Ives,Ronaghan,ironaghanin@parallels.com,336-468-3497
56e3074d-190a-47ee-ad9d-929f37a2d74b,Irena,Birden,ibirdenio@hao123.com,836-429-1361
887bb7b8-d4e0-43b6-a290-6c3a8185ce45,Winonah,Ketch,wketchip@loc.gov,300-843-3728
6a8c3579-a92d-4f65-90a2-f0b96b4bcd27,Anetta,Vondrys,avondrysiq@desdev.cn,951-397-6886
1928b8b1-f84a-46d9-a4cc-261b3854e7b8,Chad,Preator,cpreatorir@is.gd,992-814-8432
a724a44b-12ad-4dbc-9266-1487c932772d,Clayborn,Semper,csemperis@webeden.co.uk,318-150-1532
ebcbfb23-1766-46c2-a99e-61e34eaa4a31,Anabella,Donneely,adonneelyit@webnode.com,426-662-1777
09d1e923-2809-42f9-a569-0fa86f438d11,Eudora,McCann,emccanniu@vistaprint.com,715-763-5016
09e5238a-8aca-46d6-8e91-42f60ab237d9,Talyah,Husset,thussetiv@yahoo.co.jp,457-186-9212
dd1c1bfd-7c8d-4311-81f9-7c871a16b1a9,Cissy,Halleday,challedayiw@seesaa.net,112-876-3595
18d9d0d8-6b1b-43a3-a22d-e259a69cdf08,Wynny,Mafham,wmafhamix@g.co,451-847-3749
6a6c81ca-f12c-4251-a668-01f4e3b01f65,Halsey,Fosdike,hfosdikeiy@shop-pro.jp,277-664-0356
9f241f61-c478-4fd1-8d6f-258c79275491,Brent,Cordero,bcorderoiz@ed.gov,328-601-9960
eb9de36d-95d9-479a-8f19-f13772b725a5,Quill,Schreiner,qschreinerj0@ucoz.ru,813-443-9013
25f114a9-c098-4532-b00d-8682fb882faf,Caroljean,Mucklow,cmucklowj1@illinois.edu,951-329-0774
953495c4-3156-4d0c-a10c-48d56dd04e5b,Jamill,Euels,jeuelsj2@spotify.com,756-950-2600
acf08731-c71c-41ac-b6db-0ab710db7e91,Albert,Huniwall,ahuniwallj3@dion.ne.jp,885-605-4825
18c31cb4-26ed-4946-b1fb-75452ce61bcf,Silvester,Cleft,scleftj4@w3.org,720-260-7546
dc1d81b0-f9df-4802-912a-60933e4877d5,Lucien,Skidmore,lskidmorej5@amazon.de,818-320-3123
574f51ed-999d-43db-91c3-ce525e1a29b8,Garek,Bisatt,gbisattj6@ucsd.edu,312-876-0981
d8f11fe0-ad82-4ba8-8d3e-3b547150b9e5,Claudianus,Barltrop,cbarltropj7@youtu.be,594-391-5089
32e5a9b5-fee6-4428-86c7-1dffb97b42cc,Freddi,Evelyn,fevelynj8@weibo.com,996-993-8695
1aef816d-a143-4ef5-9ee0-9a5d0e2e5880,Jasmine,Elcum,jelcumj9@shutterfly.com,857-244-8871
a8e80876-9006-4c21-b581-00bdf53e9c6b,Cammy,Reichhardt,creichhardtja@hostgator.com,156-410-5311
2adc4044-ba0e-4676-af05-864208a04979,Conrade,Cowpland,ccowplandjb@uiuc.edu,717-294-5353
ab3237b5-32a5-4611-a38c-5af59437773a,Jarrad,Summerlie,jsummerliejc@youtu.be,145-282-7346
516f6946-6465-4f33-9724-74771bd24b51,Findlay,Jakes,fjakesjd@google.pl,812-379-3645
a1e187f4-6943-42b0-96be-abc95eef72ba,Lisette,Thouless,lthoulessje@springer.com,687-346-0636
c13feba9-4004-49d1-b1f7-0c05f5f17191,Dougie,Mullaney,dmullaneyjf@toplist.cz,148-180-0202
c3cbc1d4-dc07-4718-93d3-e683649b25da,Amata,Fenelon,afenelonjg@hp.com,113-451-2399
9642e055-e8f5-4a4f-b421-56a4abd65ff8,Avis,Haddon,ahaddonjh@webs.com,596-695-4559
cfb12331-64d3-4f63-945e-35ffad5f4617,Ruby,Lyddiard,rlyddiardji@sohu.com,830-133-0798
2f0bd9b6-225c-492c-8eb9-97bb5baef3b7,Bartel,Ceeley,bceeleyjj@barnesandnoble.com,368-391-8607
fa21bda6-2ef2-47ad-88c6-2f66425f7afc,Orelle,Ledrun,oledrunjk@uol.com.br,291-823-7995
8cc8b5fd-720f-4ee4-a784-10304d9f2678,Brittaney,Shoemark,bshoemarkjl@ted.com,986-879-9547
5cc01043-f87e-48a8-86ce-29229d468614,Casie,Gillivrie,cgillivriejm@soup.io,665-262-8883
0391479b-8c93-4315-9ca9-3b02d51e91b7,Estell,Tremmel,etremmeljn@tiny.cc,712-833-6210
f51776cd-9aaa-402e-a50f-058623a91e4e,Raffaello,Wearden,rweardenjo@netlog.com,310-408-0144
d6ba94a0-85b4-4fbd-b607-d24d3e60bd89,Larisa,Pinkett,lpinkettjp@ox.ac.uk,168-667-1756
caf52598-5543-47d4-8d5f-6183d578959e,Garth,Inchcomb,ginchcombjq@salon.com,636-231-3326
66fca765-76ea-457e-912b-5cf27b628548,Trevar,Sibborn,tsibbornjr@salon.com,832-976-6091
69050247-3a22-4de5-9dcb-13acb0bdaca7,Nealson,Kneal,nknealjs@redcross.org,257-293-1229
0f919608-deaf-441c-a7f7-869fe99a0eb7,Opalina,Paolino,opaolinojt@myspace.com,713-197-1073
8d6a395f-6855-4fd5-a628-26d331affa0a,Ogdan,Kitchenham,okitchenhamju@tripadvisor.com,836-385-9984
8c950f9a-b2f7-4993-812c-f28b760487cc,Mavra,Antonomoli,mantonomolijv@seesaa.net,848-984-1490
82517a2f-979f-4ef8-bacd-e3a23252c96e,Gillie,Benkhe,gbenkhejw@cdc.gov,155-423-3655
09e96997-7fb6-4104-9042-d9e9744a9cc0,Ina,Feifer,ifeiferjx@nps.gov,278-930-4845
d720d169-5817-4374-8b7f-e658cdfed672,Beale,Deniseau,bdeniseaujy@surveymonkey.com,613-869-5003
cdc937a6-0e28-4fcc-a7d8-bb5b92894e82,Christabel,Robertucci,crobertuccijz@wp.com,392-908-9486
f0056f05-4172-40c0-bf7b-80caf7bc026d,Amabel,Maddocks,amaddocksk0@youtube.com,280-258-2039
e77b5e15-8535-4e3e-81d6-2a6c09ab10a6,Leoline,Sermin,lsermink1@businesswire.com,587-679-8401
dce40169-a1c6-4f6f-9ae3-be34ca29b1d0,Albertina,Tanti,atantik2@disqus.com,245-165-7083
557654eb-ec21-4a7a-a74e-35a1f95e0af4,Merla,Jura,mjurak3@istockphoto.com,544-244-5856
85a6effc-475e-4ce6-b661-b3b9fa012aa9,Jackelyn,Sheaf,jsheafk4@bbc.co.uk,736-184-0262
268f248b-4c2a-4eb4-bcbe-5da398ab3a54,Dagny,Brugman,dbrugmank5@apple.com,950-597-0481
d0983d22-68b4-4330-896b-057d0109ce5b,Celeste,Rickis,crickisk6@taobao.com,243-244-2229
d998b441-e4fa-42db-a74a-d7153218ac4d,Phaedra,Flanner,pflannerk7@intel.com,330-819-8045
fe155ef1-23ac-4701-9f83-6c04d8b7639e,Meier,McCarty,mmccartyk8@reverbnation.com,215-567-7275
8d7f45cc-4abb-4554-bcb2-0cca4058b4f8,Kirstyn,Lambswood,klambswoodk9@moonfruit.com,599-985-0863
1a118d86-e4ea-4133-9b0f-85eed51897ae,Ad,Memmory,amemmoryka@zdnet.com,706-381-7944
77bdc4b0-39f1-4ff7-b451-06154138fe5a,Willdon,Gear,wgearkb@joomla.org,160-456-0698
045c475e-c1bb-4c25-a8ca-cfbf5c9e779e,Lorain,Shrimptone,lshrimptonekc@unesco.org,808-102-0732
83c4c2b1-9b42-4efd-9b98-340e5ffcbaca,Brandise,Pettengell,bpettengellkd@netscape.com,379-377-6650
08cdd7d5-b08a-4fd0-8130-8656d26fa020,Darell,Wloch,dwlochke@yahoo.com,659-249-7351
b66b2c20-b9c7-41af-a60c-5899827530fd,Sandor,Annets,sannetskf@photobucket.com,782-995-1913
322cd991-18ae-41e0-84c5-eda08ee1a6c1,Pip,Doick,pdoickkg@last.fm,333-145-6403
b34f79b5-1a38-4a89-b88b-7d955b05d56b,Cynthie,Salandino,csalandinokh@hubpages.com,335-158-3022
14aa63f2-e333-462a-9740-7ec73104e552,Deana,Yaknov,dyaknovki@ca.gov,477-343-9039
24c471a2-33bb-4448-a9c0-e512d0c05504,Gaby,Kingwell,gkingwellkj@newyorker.com,917-920-4263
6539281d-ab1e-4620-b844-0210a326a29c,Verene,Aslum,vaslumkk@fastcompany.com,114-195-1825
f8a70d54-514f-4185-95aa-01ab670c2b6a,Esdras,Tringham,etringhamkl@sohu.com,278-230-5729
c0fea4e3-c0e7-47ed-a759-28c78c93e498,Prisca,Chaperlin,pchaperlinkm@hubpages.com,901-533-3946
4118130a-5550-4873-a5ef-2a0d38682d3f,Shanie,Garfoot,sgarfootkn@sbwire.com,286-172-3873
171a7e98-cf60-49fd-9cce-efd9c7f832db,Claudius,Jayme,cjaymeko@indiegogo.com,670-356-3148
f967954b-c656-4fb4-81ab-1dffb8bae29c,Jason,Starten,jstartenkp@cpanel.net,528-800-7962
1409c5c1-1ea3-4e1b-992d-cafd30b059e4,Rozele,Reese,rreesekq@cargocollective.com,225-671-9241
3bb63f96-7a20-4da4-a220-e7293e75ac9e,Sibel,Riddeough,sriddeoughkr@yolasite.com,903-929-4935
61b07465-0d4f-491e-9df4-73bd29eaf3e0,Hailey,Allaway,hallawayks@github.com,339-922-3627
36677e10-38c2-49da-a137-1e70cec8c89b,Gloria,Adkins,gadkinskt@wikimedia.org,913-297-4058
99439fb4-0d2a-4aa0-b940-ed2b4ae8978c,Tallie,Lorenzo,tlorenzoku@usda.gov,186-706-1209
07aca45f-533e-4352-a462-92ed993948a1,Kellina,Corzor,kcorzorkv@plala.or.jp,590-123-3564
0bcd7f77-8ff5-4b6d-8247-8910839569d4,Peria,Hurne,phurnekw@chron.com,182-378-8581
de32627c-f264-49dc-aef9-069d4bc390ce,Cort,Topes,ctopeskx@woothemes.com,493-816-1164
4bbb60e2-b9fb-49c0-9ca8-20b941322709,Keen,Sidden,ksiddenky@printfriendly.com,196-707-8682
2627e964-e91e-4245-9c9c-f048394027fe,Germaine,Simenel,gsimenelkz@whitehouse.gov,843-628-7097
d521613f-6b06-4d2d-b088-fb479bbd7f5a,David,Devine,ddevinel0@plala.or.jp,354-786-9888
3583edbd-76aa-4bde-b564-e12b7f365494,Ephraim,Wolpert,ewolpertl1@wiley.com,474-938-6547
7d49a92d-9ced-4b92-8f66-5467fc593210,Krispin,Bratley,kbratleyl2@omniture.com,383-893-3115
a8b08a3f-8352-4d15-86b2-74aaf303f53d,Luci,Bertlin,lbertlinl3@odnoklassniki.ru,132-979-4025
c4abcfbe-ad7c-4564-b2f6-527ea934894e,Tobias,Espinazo,tespinazol4@patch.com,139-999-4909
1a5d1325-338b-4415-90ae-5179845f6a59,Ethelda,Clavey,eclaveyl5@acquirethisname.com,666-682-9597
81396631-6ab6-46c9-aaf4-dc93d848f44e,Wyndham,Moules,wmoulesl6@senate.gov,408-189-0601
4a19b5fe-f4ab-461e-893a-d8f399c0f884,Kile,Ferrettini,kferrettinil7@bbc.co.uk,127-175-2997
58f0738b-0a38-4912-8392-bb82bae03519,Ralph,Cossor,rcossorl8@hexun.com,351-106-6074
713ab050-5163-436e-86bd-ab8784c6f1a4,Coretta,Peealess,cpeealessl9@bloglines.com,605-739-5148
a97a6a9f-db49-4190-8394-7f5c3fb159cb,Golda,Manass,gmanassla@wordpress.org,344-800-1033
02e439c3-0f4b-4b16-800e-d01ffa8df46b,Antonietta,Clutten,acluttenlb@tumblr.com,277-593-4238
50137aa9-9843-4788-b3d3-79765320a7c0,Margaux,Nesbit,mnesbitlc@webs.com,106-245-0300
9d88af94-e681-4cd8-9f19-7b54536e9314,Ynes,Marvell,ymarvellld@timesonline.co.uk,727-252-1496
b968229f-628d-4b40-bc21-dbc86fc3d157,Lorin,Mc Ilory,lmciloryle@miibeian.gov.cn,394-813-4144
0a933341-f227-4dc7-bfb7-35aeab1c96cc,Floris,Jodrelle,fjodrellelf@themeforest.net,913-148-4267
c5063f28-662a-4062-bab6-d31a1a883b21,Micki,Fagan,mfaganlg@state.gov,630-520-5337
c02bcaed-dadb-4c4f-b90f-36ce0824837b,Luciana,McEniry,lmcenirylh@ftc.gov,417-386-8816
4678b302-dfea-450e-8a9e-f694e4f4f062,Lula,Mallord,lmallordli@rakuten.co.jp,562-768-5079
9a84a8b0-09f1-4b70-892d-7fef44aa135f,Verney,Summersby,vsummersbylj@cloudflare.com,594-529-7409
a5cec275-fb91-40ae-8b5f-f453fb5e8faa,Guglielmo,Bassick,gbassicklk@ning.com,679-661-4987
29c68506-f68c-4f62-9ea0-2a6cf05376fc,Simone,Straw,sstrawll@wikispaces.com,193-852-6835
73a4b374-dcc9-4567-ba5d-0eaf8015f2e3,Kory,Lardner,klardnerlm@marriott.com,102-772-7779
48359bbb-1942-488a-98b0-41878f81debd,Suzi,Simeonov,ssimeonovln@topsy.com,906-736-3189
12968429-efe9-49d9-866e-d510a16bbdcb,Stevena,Fogg,sfogglo@bbc.co.uk,172-552-1151
aeb1241b-5f3a-4da2-a589-38c15e775457,Rab,Ambrodi,rambrodilp@census.gov,701-531-6467
2426f472-248a-407c-a03c-8e3630ed5dc2,Kati,Pearse,kpearselq@phpbb.com,621-643-3924
ecf149b1-90c3-444c-8bbf-af4687233d22,Marcellus,Beagan,mbeaganlr@blogtalkradio.com,419-363-9654
2aaf40f8-47fe-4456-925d-8f20e0faa06b,Linn,Ginity,lginityls@ftc.gov,728-447-4558
eaeb9b97-59e2-4df3-a3ec-35869221c228,Martina,Stoker,mstokerlt@independent.co.uk,215-623-4397
b73e6738-22e5-41e5-97f6-3888d1d3b765,Fletch,Guilfoyle,fguilfoylelu@webeden.co.uk,818-597-1084
92534455-11c0-4aca-8620-dfc6192fc28e,Lesya,Graalman,lgraalmanlv@mashable.com,464-291-3811
ca75433a-c7cb-40a2-a5fc-3237f1b7b68d,Karlik,Beatens,kbeatenslw@cisco.com,521-467-7230
986bcd58-1975-427e-9edc-22ba2473a3ff,Lacee,Schout,lschoutlx@go.com,487-661-9536
f2c6bd3d-e54f-4a5a-b5da-f15212950eb6,Krisha,Batsford,kbatsfordly@bloglovin.com,559-789-8007
3b96904f-3596-4d8f-ac4a-7c0565f7253d,Noreen,Bricknell,nbricknelllz@oakley.com,472-225-1249
2681c6e0-463e-4dec-a35f-55b4f2f124a5,Brina,Roberto,brobertom0@creativecommons.org,775-303-8014
53fa2c45-321c-4680-88d5-fe55d1f2347b,Madelena,Freeth,mfreethm1@vkontakte.ru,789-815-5244
0e835e67-10d6-4f27-bef5-d40b8b1d62bc,Palmer,Whiffen,pwhiffenm2@istockphoto.com,744-217-1850
1abcd7e4-f57a-4885-bec3-ab1ca28efaf4,Waylan,Livens,wlivensm3@techcrunch.com,185-667-8721
54dcd3c5-0c03-4a9b-9f48-d91e54fdb6c1,Misty,Doe,mdoem4@cdc.gov,371-127-6366
796cb69d-236d-48de-a448-fb46dec95ee4,Katherine,Souten,ksoutenm5@live.com,456-726-8576
2897f714-1fd7-4ce7-ba9e-d676e217db5f,Clary,Collinson,ccollinsonm6@artisteer.com,878-929-5035
bad4ef09-a563-405a-a5b0-3aaa2f804735,Bibby,Stork,bstorkm7@behance.net,883-826-4109
bbabe42a-8f07-4c88-84ad-8548997f8d2b,Gibb,Damp,gdampm8@newsvine.com,195-667-4890
db70dd23-ef6e-4f49-9b83-e26cac33e609,Rica,Potten,rpottenm9@jalbum.net,613-542-8552
de334ed6-d320-4a2f-87ac-b7c85d62acb0,Osgood,Kondratenko,okondratenkoma@over-blog.com,980-792-0546
5688f5bb-5378-4cf3-8c41-bbf8f29ec217,Griff,Sheryne,gsherynemb@fc2.com,934-189-5422
85a797ba-2def-4977-bc6b-aefa84fbde0d,Everard,Iacomi,eiacomimc@aboutads.info,645-959-6018
3027fc89-d31e-4d14-baae-9de446586d20,Stefano,Keighly,skeighlyme@phpbb.com,863-559-4251
9e4b586a-bba3-4230-a627-c2b27dac3886,Roth,Raphael,rraphaelmf@archive.org,701-379-9347
203bf4f5-f02f-4abf-8374-0a7bc94b59bd,Ilario,Adess,iadessmg@uol.com.br,307-246-9507
fa6e9890-a8c7-4bbe-8d48-6a664f8d1eb1,Oberon,Tunkin,otunkinmh@chicagotribune.com,828-969-5081
76410d21-adfd-4ec7-9009-81be1e9b86b8,Candy,Mawne,cmawnemi@comcast.net,360-826-7392
94ff46f8-1995-40a5-951a-3f145177287d,Wynnie,Parcell,wparcellmj@usa.gov,666-957-3521
4cdab5a2-4d76-4a55-934a-8d96873407bb,Pryce,Iacoviello,piacoviellomk@howstuffworks.com,920-643-1697
0bd99c92-f39f-433b-b6d0-61ebec96102d,Olav,MacMeanma,omacmeanmaml@nba.com,498-937-5700
a816ad6d-7918-4236-9589-d08af4b1a91a,Amy,Ingledew,aingledewmm@booking.com,973-232-8707
33bd50e6-b7e3-4552-849c-eae935072ce6,Marijo,Fergusson,mfergussonmn@addtoany.com,840-176-6939
4de028b9-7e79-4124-b44f-f00a63d84c49,Shalom,Jakes,sjakesmo@dagondesign.com,141-581-6774
619fbafc-d30d-4593-9f38-6a09a727ee8f,Tammi,Thormann,tthormannmp@bing.com,838-601-2293
efa2e657-f046-4df7-b0f7-c13de5945066,Ashlie,Riddel,ariddelmq@tumblr.com,999-247-2462
edd7258b-e4d3-4f05-8667-268ae0d5aff8,Marley,Cadigan,mcadiganmr@cbslocal.com,148-685-7714
fe02f62d-5673-445d-a55c-0815f9f246b2,Emmery,Dadd,edaddms@jimdo.com,454-944-0367
8fdc9354-1cd2-4cfc-a5ae-751cb8c9bdea,Annemarie,Cortes,acortesmt@apple.com,245-773-4095
5d9736ce-340c-405f-bbe3-962541ca0ad9,Natasha,Pre,npremu@nps.gov,835-794-4781
49053981-7a82-47c3-bec6-8e3a6603f193,Torrin,Quin,tquinmv@jigsy.com,683-530-8143
cb3e23ca-9cab-4a92-b430-dbb620e84cc3,Doloritas,Brimmell,dbrimmellmw@moonfruit.com,241-770-7196
67d2c8da-9867-4e18-86eb-b38d0f67d9c3,Paulina,Jeduch,pjeduchmx@myspace.com,764-220-6230
5afa3b98-577c-49e1-9471-59105edfec00,Demott,Meneyer,dmeneyermy@google.ca,954-700-6324
2eb84de0-9eec-4a42-a090-b4f8db202670,Genvieve,Bloore,gblooremz@blogger.com,352-371-7971
6a384ab8-b06c-4375-9e2c-f9e8efc7bdbe,Dacy,Darwood,ddarwoodn0@kickstarter.com,277-861-2193
74fdfda0-48a5-4fe4-b35c-1dc551918503,Katlin,Riddington,kriddingtonn1@homestead.com,615-701-2753
401a3350-1435-4196-963f-a3d590986cb3,Carree,Seymark,cseymarkn2@usatoday.com,213-566-4738
1bdd8c4d-5613-4eb6-932d-c0fbeb26eafc,Padraig,Godfroy,pgodfroyn3@ox.ac.uk,226-811-7461
fd44d916-350d-413e-8ae9-928a0d0a77f0,Nicolina,Shaughnessy,nshaughnessyn4@dailymotion.com,404-302-0197
8e74cc45-b784-4b4e-a000-defbc321d742,Stephen,Torre,storren5@sciencedaily.com,175-924-1791
f4971b9e-06f7-4f1c-956f-5ddd2190ad15,Tommi,Srawley,tsrawleyn6@tumblr.com,982-654-3169
a00a7a7d-e567-4508-9b52-7f3419a83a0a,Cristabel,Goodwin,cgoodwinn7@canalblog.com,607-998-2957
6e70e6ab-da82-4fb4-a188-a44050cc2273,Joshuah,Kelly,jkellyn8@answers.com,305-994-2277
266cce6a-507e-4928-898c-6a1f5ffedf8e,Aksel,Kennady,akennadyn9@arstechnica.com,560-142-1378
0d0a0b65-0f17-42ac-898d-aaf215b2f99f,Nancy,Bremmell,nbremmellna@goodreads.com,430-839-6459
74b76317-a9bc-4f7a-9a8a-c7af0fd296ae,Kassi,Dring,kdringnb@mit.edu,327-230-7854
a7852597-758f-4d03-adf9-7fc9dcaf34a4,Madel,Toretta,mtorettanc@marketwatch.com,690-717-4069
50a78972-e05d-49ee-a2ee-23902a0f32bb,Jobyna,Murrthum,jmurrthumnd@ftc.gov,372-118-3618
df6751b4-3260-4e75-b628-c3a4a0ce9dd0,Oralla,Behrens,obehrensne@barnesandnoble.com,670-581-0527
0f4264bb-d8ee-4f6f-bcd7-42169a534340,Thornton,Ogelsby,togelsbynf@blogtalkradio.com,985-544-4202
2eaf1cdc-b0e5-4dc1-a9b8-f6e2da54cdd6,Tynan,Grain,tgrainng@discuz.net,368-485-2906
4f9f6038-ff77-4796-b6aa-008c5bbab74e,Kile,Labeuil,klabeuilnh@cdbaby.com,629-716-3668
52e22b7d-271a-4402-b4ac-00a7a05196dc,Otho,Pomphrey,opomphreyni@globo.com,659-246-6813
719eafa5-1d0e-41d3-b235-085badcc29e4,Holly,Filipovic,hfilipovicnj@networkadvertising.org,636-833-5320
af45fdf7-d1e4-4172-a5c5-93a4b617aa4e,Zondra,Matresse,zmatressenk@mozilla.org,994-492-6881
02208b5a-d22a-4237-835d-afd503bafd3c,Harley,Jaffray,hjaffraynl@seattletimes.com,238-215-4240
64bf2e08-3292-45ef-b83b-4f844ed3f26d,Wenona,Rolingson,wrolingsonnm@aol.com,237-650-4977
13944422-2c42-4f36-ac61-3e91035da581,Rooney,Dibbe,rdibbenn@dailymotion.com,550-580-2983
a53a256e-1dac-4123-acdb-ddf327a85ebd,Fayre,Gadault,fgadaultno@comcast.net,326-929-9971
129936f3-92bc-4bd0-bcbc-d3e6ed0e5da2,Marlon,Fair,mfairnp@nymag.com,999-281-2457
819d1140-e90e-49b0-861a-f865f605c662,Park,Wincom,pwincomnq@nhs.uk,320-721-0156
e07e7c0e-6245-4a2e-8027-a0c9ac6570f8,Marthe,Cortese,mcortesenr@live.com,234-453-3490
1018e485-46bf-42b4-9071-7060783e2450,Sally,Shenfisch,sshenfischns@cbc.ca,878-486-2348
8b19c149-7d17-489d-a3e2-742f24c59721,Sabina,Tallet,stalletnt@topsy.com,937-508-2644
a3927919-c161-4595-8502-da9cb1e663ca,Yancy,Chaman,ychamannu@cocolog-nifty.com,326-729-0676
7d63caa8-79c7-4be8-91a8-0e962dec7c29,Sharleen,Griffith,sgriffithnv@yolasite.com,447-310-5824
823de2a5-5eab-443e-b7be-6337e1215cd6,Kit,Gerault,kgeraultnw@feedburner.com,549-247-7748
a3a05156-1884-4fe4-86d0-8908ba67c234,Leoine,Swiffen,lswiffennx@sbwire.com,689-101-3457
22c5808d-fdb0-4282-84d4-4c3027c053fd,Fabio,Tring,ftringny@marriott.com,210-265-1325
f6dde319-9e3a-4f94-a7a0-0dcd686c05e1,Laverna,Lumsdall,llumsdallnz@weibo.com,172-507-8949
a4234cee-3869-4ed3-984f-48f08f7a2004,Kahlil,Greally,kgreallyo0@nps.gov,525-810-4090
3c2f9f0e-6e2d-4807-ad1c-4605fe59771f,Pancho,Umney,pumneyo1@usa.gov,313-762-0701
f050979b-68d0-4027-bdf2-45da80a9bb19,Gal,Romeuf,gromeufo2@imdb.com,527-191-8692
ef75a502-d774-4b9f-aaba-4b19ce9e7dc4,Egbert,Fillery,efilleryo3@free.fr,344-153-4333
7e00b942-2eb9-4264-8119-0934436c8185,Kevan,Radcliffe,kradcliffeo4@taobao.com,905-823-7233
52b36213-9d78-42e5-8faf-a87d5c3d5b7b,Gail,Gull,ggullo5@amazonaws.com,534-572-2998
dc7b8a9e-9751-4b63-b732-cfa9e5f0d29f,Pollyanna,Doherty,pdohertyo6@is.gd,319-252-0658
236877e3-69f8-4372-a05a-b9fd219a05f3,Clim,Brittlebank,cbrittlebanko7@e-recht24.de,498-503-0355
a4192c71-c5ec-4a07-b76a-5171b13c8b90,Leontyne,Studdert,lstudderto8@webs.com,303-610-3855
630708bb-1a76-479e-8b93-7ac5e16f3c4c,Eldon,Caughey,ecaugheyo9@cafepress.com,817-854-3798
c07c5a67-f842-4500-a1f9-42faafeb2288,Herta,Vivien,hvivienoa@macromedia.com,714-583-7191
fc0f5836-0f6e-46b9-bf3d-7d2606d61478,Dorthea,Lough,dloughob@cisco.com,620-379-2925
c6cb63c8-4794-492e-83b4-c42cf20f514d,Tessa,Tremathick,ttremathickoc@mac.com,493-954-5346
b5619d6c-b535-4aca-a3f1-bdfe85ef95b9,Theo,Sprott,tsprottod@vk.com,290-297-3701
75e975e2-d34a-4db4-96a4-48c9a785672a,Diane-marie,Domenc,ddomencoe@addtoany.com,228-827-4494
ccabd8b3-1322-4687-9000-67a9ea17ca4d,Carree,Treadaway,ctreadawayof@ifeng.com,112-729-5426
22cb6b28-67fe-4a08-9b41-cbfe6de601eb,Janot,Maskrey,jmaskreyog@opera.com,677-508-3417
a052d1f3-d948-4675-9d44-39a0f029516f,Harald,Misk,hmiskoh@jiathis.com,159-494-5109
573a9cd2-2a62-4148-b32e-dabd3e8fa852,Valentijn,Bisacre,vbisacreoi@tuttocitta.it,793-739-1135
ff7c79e0-c0c3-4785-91bb-13883b3f3dcc,Ara,Baldrick,abaldrickoj@nsw.gov.au,575-975-5274
55512b5e-465d-4f0b-89fc-1ceefbe7b79b,Wes,Cray,wcrayok@prnewswire.com,558-689-7729
d7478aaa-e1ed-4b30-b055-3af8d354a9bc,Thane,Hearon,thearonol@google.ca,861-270-7079
18c27d69-8b87-4c00-a44e-ef3e25ee95d4,Nollie,Arbor,narborom@wsj.com,323-617-7325
b6fe6610-2af8-4c95-ba0f-9fc694cbc842,Rebeka,Phinnessy,rphinnessyon@si.edu,575-139-7108
e6dfc81c-20bc-4388-9ed6-ebc6e575003e,Ashly,Darkin,adarkinoo@elpais.com,514-468-2029
b6c4435d-be76-40a6-92d3-6b1e1288e026,Timotheus,Ackred,tackredop@zimbio.com,428-694-3160
91cdfebd-d4f5-4228-8cd0-10aafc546950,Evan,Theaker,etheakeroq@ebay.co.uk,285-121-0065
50be3f51-0dd4-4aaf-b231-8ca4ab7ecabd,Bunny,Glendzer,bglendzeror@is.gd,340-979-9423
a92f410a-ea03-4eda-8f47-18e4bc3b1eb7,Gavin,Dyble,gdybleos@vistaprint.com,169-478-2796
973dcb06-6f49-467a-ae12-d844e3703f4e,Ann-marie,Elia,aeliaot@sbwire.com,152-899-0839
22f13c7f-01cf-484a-ab16-0919e7e02c45,Abbey,Giacomelli,agiacomelliou@multiply.com,175-172-0963
ad6d99a1-95ee-4350-a673-38e1bb620202,Ginger,Gillson,ggillsonov@admin.ch,507-772-7010
a6085243-cfeb-4890-a5a1-9482cb209bbe,Arabel,Fayerbrother,afayerbrotherow@un.org,891-698-8822
ca13b924-6569-4dca-9b83-1bc9100efe0b,Olav,Heninghem,oheninghemox@ihg.com,795-990-5281
645c7f04-75f4-422d-ab62-2d39b802b9da,Kylie,Penketh,kpenkethoy@aol.com,126-325-0510
bab2465e-9bd9-4eb9-9ba8-0c760f396417,Gerald,Dunnico,gdunnicooz@businessweek.com,460-452-9493
cf0cf67b-672f-4f2b-b695-7d0a5a32ffad,Benji,Antonowicz,bantonowiczp0@boston.com,884-115-3060
97601763-059e-42d2-8781-68efa67f705c,Roldan,Guyver,rguyverp1@com.com,371-718-9512
4ed7fa6c-52fb-4ff8-a67b-bfebb11bb9e7,Trudy,MacKeller,tmackellerp2@comsenz.com,537-740-6784
ef16c871-c2e1-477c-a4f1-ac8fe0637bde,Guido,Sheed,gsheedp3@yellowbook.com,162-387-3701
b8c5162d-a061-4430-8d7c-cce2ed7aac0b,Bard,Romer,bromerp4@multiply.com,138-392-3812
ea2c6e39-8ebe-4067-be89-d5bd18fe49df,Reinwald,Cona,rconap5@pen.io,277-524-7207
37883ea6-1ec2-4bdf-a862-ab067f71f915,Mack,Dilley,mdilleyp6@instagram.com,982-787-9984
5335eb2f-03da-46c2-b1b8-daa3388ec328,Richmound,Mindenhall,rmindenhallp7@goo.gl,175-482-6764
9e182301-512a-41ce-ac39-5e60445d96e6,Norry,Firpo,nfirpop8@adobe.com,329-207-2905
9ad10090-d8b9-4cda-8b83-1cfc5e9f7efe,Ethelin,O'Sheils,eosheilsp9@zimbio.com,521-533-8794
772a7837-a34a-4367-8ee0-84fdbf5152c4,Meris,Yacob,myacobpa@tuttocitta.it,210-887-0796
59acca50-0535-475a-ac8b-27f1243a03de,Rachele,Strother,rstrotherpb@phpbb.com,507-828-9913
34f18327-cb41-469c-94fa-83e24bbf1080,Bartholomeus,Hovenden,bhovendenpc@weather.com,133-412-9566
21638905-f2ea-42f2-b322-82ea7e29f6f5,Matthew,Ladyman,mladymanpd@illinois.edu,551-831-4848
d49a472f-ec74-477a-8324-b177842548fc,Vicky,Fuke,vfukepe@a8.net,685-829-3893
c94fd020-fd77-4f1a-be3e-95e1c3f8db85,Molly,Gierek,mgierekpf@craigslist.org,664-723-9326
8547360b-93dd-4ed2-9d3d-3eaed3b3f7ee,Saunderson,Elgood,selgoodpg@cisco.com,232-530-8369
e0cada5b-feb0-4909-b93e-8dbc6792e0e6,Happy,Dyerson,hdyersonph@blogtalkradio.com,559-116-6254
5d84dba1-eebe-4556-8258-ac8cd06eecbc,Dulcine,Tordiffe,dtordiffepi@thetimes.co.uk,962-387-1117
76c694c0-6d18-4683-9e64-708a245b4cfe,Yorgos,Lamzed,ylamzedpj@flickr.com,258-504-7912
f100b407-b08e-4618-ac79-873dff102f1e,Tiphany,O'Suaird,tosuairdpk@google.com,834-265-3323
8e6a6453-8f6c-4af7-ab27-548ca007f6d4,Nellie,Francombe,nfrancombepl@bluehost.com,630-194-0238
f3942fa7-7cb8-4aa2-a0e8-46c7d5fc5c4f,Randi,Mullin,rmullinpm@comsenz.com,149-980-9184
0ba97366-a69f-4b77-86a1-cfcc96f7e641,Loydie,Bachs,lbachspn@slashdot.org,703-252-0643
ce88b9d2-78be-4b44-aedc-271d32c615d9,Jervis,Coltman,jcoltmanpo@eventbrite.com,387-250-5600
6acff2da-e70d-4e42-8ade-933f21802446,Zed,Rastrick,zrastrickpp@360.cn,461-324-4736
7fa5166f-2ff8-440b-9443-ae97b2392eec,Ottilie,Buggs,obuggspq@people.com.cn,909-801-2698
11789217-ceb5-4b8b-a90b-a41464ebe8ad,Gwendolen,Janjusevic,gjanjusevicpr@sakura.ne.jp,598-677-6043
208d4d4b-f8dd-4491-a518-9ac5978552d7,Gay,Dulson,gdulsonps@csmonitor.com,445-132-8477
44183852-2167-4328-acb7-587d75b93e62,Thorpe,Hamfleet,thamfleetpt@feedburner.com,771-416-7837
ef238459-c41d-4c67-9fa8-bbc9c2814d56,Ginger,Klimes,gklimespu@slashdot.org,851-418-5651
5dd34079-3196-4f45-ab0c-258915e6bd5a,Hayward,Oatley,hoatleypv@oracle.com,448-887-2501
6611f6f9-e35d-48fa-9485-fefa58f89930,Isadora,Domenici,idomenicipw@utexas.edu,622-906-2726
c1a1ba8b-1709-468c-affc-9ec74424651c,Willis,Mann,wmannpx@nbcnews.com,172-215-8474
3f8b6445-dc9f-4e72-9af9-9f50ad450dbf,Rosalinda,Coling,rcolingpy@cpanel.net,333-274-6184
ede7cad7-0395-49b8-92fd-423140b6377f,Tom,Willcott,twillcottpz@g.co,223-942-5961
569ea3a4-a2e4-4cd1-9f7b-639114376099,Beitris,Martonfi,bmartonfiq0@washingtonpost.com,789-297-0790
d17fbb16-7a5f-45c8-841b-bf23624ea3b7,Pedro,Osmar,posmarq1@abc.net.au,104-725-9662
d25aaab8-ba1c-4b55-b6ee-7bbd38410b2f,Darci,Moreland,dmorelandq2@zimbio.com,323-686-2826
8c02ad72-8c33-4a5d-92b3-e104d0f14dda,Uriah,Berthel,uberthelq3@wired.com,918-536-8776
4d65de1c-ad1c-40df-a5c2-b27a3e6eed19,Mignonne,De Angelo,mdeangeloq4@deviantart.com,226-794-6175
25603287-b803-4961-9f78-57bc5c72b42a,Garey,Skehan,gskehanq5@miitbeian.gov.cn,539-689-9603
d66b9856-b95f-4ac2-9829-d0183cad1baa,Maynard,Westall,mwestallq6@pagesperso-orange.fr,303-644-1069
b2eaf925-e696-4866-86d0-23214d389ea0,Andros,Kasbye,akasbyeq7@sbwire.com,979-438-4414
8889ebbe-b79c-4651-9e0b-f53b4c3ee5e0,Garvey,Alasdair,galasdairq8@weibo.com,729-463-4142
da378cd2-36cf-4752-a51c-1233467e7257,Moishe,Luciano,mlucianoq9@geocities.com,839-331-2200
33af5a8a-c2d5-4ae6-941b-706f826e5cd0,Merrile,Savage,msavageqa@wordpress.com,945-849-1545
ca90e148-4791-42e5-b7bb-74a3a90c42f9,Moyna,Juliff,mjuliffqb@wikimedia.org,288-460-5411
8e566662-bc07-4bb3-8e5f-1fcde2b4b370,Greg,Rosencrantz,grosencrantzqc@ow.ly,306-241-4926
17d73610-bd46-4d7e-b6dc-ea1df3169670,Uri,Silbersak,usilbersakqd@redcross.org,299-556-9438
7af24854-babb-4513-883d-0eb2b23ec9dd,Hatti,Yglesias,hyglesiasqe@ow.ly,704-292-3286
79a26694-fbac-498e-8a03-597a6c822979,Vivien,Algore,valgoreqf@webnode.com,925-984-5713
b037c065-0d31-4f29-b32b-79b556d97146,Elisa,Mcsarry,emcsarryqg@tiny.cc,279-975-3101
b501f1d4-dd0b-4889-b96f-74e146fe1b76,Nettie,Babb,nbabbqh@mozilla.org,778-176-5404
6d103cca-a3f3-4d06-b7ff-cb088d26abef,Jock,Lob,jlobqi@umich.edu,145-171-2608
f089230b-f63b-467e-8707-d382d1f61c7c,Natassia,Vipan,nvipanqj@independent.co.uk,200-766-7432
2afd01af-2db1-421b-a398-fe93accab495,Hayes,Choffin,hchoffinqk@opensource.org,512-675-4321
59550f1c-3f3b-45f6-b02a-5bb7b18bff1f,Ines,Pallasch,ipallaschql@statcounter.com,970-867-6091
d991662c-9fec-48c3-a420-119e3e94bba4,Truman,Iddon,tiddonqm@unesco.org,103-468-1763
73a69207-8692-4da1-82ef-09714c9c0a97,Charline,Dunster,cdunsterqn@cocolog-nifty.com,502-899-3992
b02ed421-be76-44f6-92b1-a8c8d2695ee1,Bondy,Fowley,bfowleyqo@theglobeandmail.com,310-883-8607
6ba5c278-df56-41e8-aa57-fef1f853b26b,Annmaria,McAtamney,amcatamneyqp@google.com.au,685-844-9550
54625b91-a5bf-4e4d-bc19-dbba2a230f4d,Elspeth,Nizet,enizetqq@1688.com,794-705-4748
629c18ff-ce75-4490-9ee8-807d3e01e69f,Sherill,Wolfenden,swolfendenqr@bloglines.com,812-209-4276
f7f64ac7-9770-4713-b2c6-1b8b7f86b6d8,Valery,Rexworthy,vrexworthyqs@cisco.com,315-233-3093
81521431-e308-46a0-8ca3-ba2388160286,Lock,Gallamore,lgallamoreqt@usatoday.com,324-877-0229
45625d66-d964-41e8-bd6c-4eb59e105ae0,Danyelle,Stammer,dstammerqu@storify.com,274-195-6214
9986c77f-bbd1-4e89-97b6-cd5553b48b53,Nell,Sullly,nsulllyqv@vk.com,371-907-1435
a2a36790-8fd8-4392-bc82-77dedf842ed1,Eziechiele,Zellmer,ezellmerqw@infoseek.co.jp,116-984-9012
46531feb-f6cb-433a-99a3-392bb2382df7,Milena,Rippen,mrippenqx@si.edu,810-538-2252
2887de36-5cda-4749-b338-69812d4d9c93,Jeromy,Marczyk,jmarczykqy@cnet.com,139-866-4581
8761dca3-3984-41ef-b505-09a3930a6408,Arlyne,Gannaway,agannawayqz@google.cn,177-780-9982
65afe70e-83e5-4a11-878f-71eece996d96,Garrot,Wildbore,gwildborer0@bbc.co.uk,203-961-8619
43c4fe47-aa33-4c76-9cf3-f66e578069f5,Sarene,Fourman,sfourmanr1@printfriendly.com,440-140-8710
6b56c84f-3ff0-497b-a2a2-2b73b8d871ac,Antonina,Menguy,amenguyr2@hud.gov,212-633-6410
081234f7-d056-4871-ad6d-4c41ccdb4708,Alisa,Sherwood,asherwoodr3@va.gov,947-947-5572
7c54c24c-ac27-4af8-bb5a-db8d3564b750,Livvy,Attiwill,lattiwillr4@gizmodo.com,411-726-4425
aee55a25-a45d-4ae2-8af2-58c294802120,Alana,O'Hartnett,aohartnettr5@friendfeed.com,606-635-2975
8ccf790c-2339-4f1a-af16-54e99e7d5721,Bertina,Torbet,btorbetr6@webeden.co.uk,185-347-4489
87747f9a-477d-494b-9a6f-c9840e951baa,Price,Poser,pposerr7@wikispaces.com,147-114-2343
7ea17c80-dcfd-4ced-81b5-9e88e52689ad,Welby,Runham,wrunhamr8@pagesperso-orange.fr,836-429-4038
0ce1a402-dd3b-4d97-9867-63d200e17a9c,Carolann,Fransewich,cfransewichr9@cdbaby.com,175-564-8386
e33641bf-3e6c-43bd-b593-38033a5c1871,Martina,Rizzello,mrizzellora@yelp.com,988-305-5076
e5d0e82f-3450-4513-983e-3018ec017f14,Sandy,Buckney,sbuckneyrb@ovh.net,292-584-4837
0b17a7ca-b810-4129-95d4-0781e09360ae,Robert,Gauntlett,rgauntlettrc@scribd.com,729-793-0141
4933150a-22df-4fde-9607-19aed0252415,Raddie,Abbys,rabbysrd@pcworld.com,619-593-3916
64703ae0-cf94-44cd-b63c-dd547d0f2515,Jordan,Rizziello,jrizziellore@e-recht24.de,124-966-1973
34c1b4c4-c7bf-4f93-9244-4c8663f5999c,Fina,Cartman,fcartmanrf@vk.com,607-430-4825
927838b6-d262-4707-8b66-515ec8b64866,Charmaine,Fryett,cfryettrg@woothemes.com,382-460-2488
e3cda207-15b8-4085-97b9-dbb84e18eec6,Forster,Oldman,foldmanrh@theatlantic.com,757-567-2671
7fb9088d-6eeb-47d0-9a71-cc642c630309,Loutitia,Blasli,lblasliri@spotify.com,349-218-4273
293c5ac6-9aac-4d8b-a678-b584663e4909,Blake,Scurr,bscurrrj@desdev.cn,776-575-7825
b8a4825f-206f-43a4-bbf0-fea3484bcf6d,Donelle,Dand,ddandrk@addthis.com,669-843-8832
6306b985-dedb-48a4-9ec0-81a27d9c5a5c,Eolande,Longson,elongsonrl@addtoany.com,469-465-5152
633d072d-dc73-4221-9d26-3abf2bf6c93b,Gonzales,Ebanks,gebanksrm@paginegialle.it,814-965-5196
4f4274ed-0806-4165-aef6-f9b11c69874a,Thor,Possel,tposselrn@newyorker.com,247-391-7474
b16bf8f5-b9c9-4029-aba1-74c2c754c66b,Esther,Nightingale,enightingalero@blogger.com,755-499-1879
ebb75b0e-0b62-43a8-8d82-71e457621ff6,Trudey,Bendix,tbendixrp@upenn.edu,263-767-6368
ae57d9b1-f128-43ea-9eeb-84e59a6ad259,Eb,Parkins,eparkinsrq@admin.ch,241-303-0168
469c4694-5f20-4a3a-8a1a-990a8565f638,Lara,Kurth,lkurthrr@sun.com,213-459-0278
